Age, Income , LoanAmount, CreditScore, EmploymentYears, ExistingLoans, MonthlyDebt, LoanTerm, PreviousDefault, HomeOwnership, Default
 37,  723624,     530894,         750,               0,             4,       12255,       12, No             , Own          ,       0
 53,  448448,     266461,         576,              27,             2,       39273,       48, No             , Own          ,       1
 38,  931575,     338951,         665,              20,             4,       20805,       36, Yes            , Rent         ,       1
 21,  499242,    1037094,         643,               3,             0,       27161,       36, No             , Rent         ,       0
 63,  150000,     743351,         657,              14,             3,       19899,       36, No             , Rent         ,       0
 65, 1039710,     308837,         552,               6,             4,       23366,       36, No             , Rent         ,       0
 48,  845706,     821161,         529,              28,             0,       29361,       12, No             , Rent         ,       0
 53, 1031880,     431623,         589,               2,             4,       43537,       36, No             , Mortgage     ,       1
 22,  499709,    1331098,         687,               4,             3,       22069,       36, No             , Own          ,       1
 45,  447743,      50000,         683,               1,             1,       11648,       84, No             , Own          ,       0
 34,  760174,     989583,         534,              16,             5,       39128,       36, No             , Mortgage     ,       1
 31,  420960,     109640,         590,               0,             5,       45217,       84, No             , Own          ,       1
 41,  623555,     182313,         681,              20,             0,       23085,       84, No             , Mortgage     ,       0
 48,  187527,    1122942,         634,               1,             3,       34162,       36, No             , Own          ,       1
 28, 1387133,     719580,         797,              10,             0,       13886,       60, No             , Mortgage     ,       0
 37,  653086,    1075197,         620,               6,             3,       30994,       48, Yes            , Mortgage     ,       1
 65,  395792,     717929,         764,              10,             0,       18522,       36, No             , Mortgage     ,       1
 47,  642603,     182834,         789,              27,             1,       15350,       36, No             , Mortgage     ,       0
 55,  887241,     346744,         770,              18,             1,        7219,       48, No             , Own          ,       0
 32,  485208,     338958,         746,               7,             3,       21275,       48, No             , Rent         ,       0
 24,  623787,     890702,         465,               6,             0,       16243,       60, No             , Own          ,       1
 22,  609073,     690861,         850,               4,             2,           0,       24, No             , Own          ,       0
 35, 1200032,     683020,         598,               2,             1,       19689,       36, No             , Rent         ,       0
 47,  700817,     511456,         831,              12,             2,        9323,       36, No             , Rent         ,       0
 49,  593790,      50000,         771,              22,             3,        9705,       24, No             , Rent         ,       0
 60,  877115,     318223,         653,               0,             0,       16270,       36, No             , Own          ,       0
 45, 1042813,    1274279,         677,               9,             0,       18710,       60, No             , Rent         ,       0
 23,  390991,    1024405,         714,               5,             4,       35381,       60, Yes            , Own          ,       1
 37,  981047,     675579,         559,               6,             3,       11198,       24, Yes            , Own          ,       0
 59,  801350,     978337,         605,              20,             4,       21126,       36, No             , Rent         ,       1
 62,  753755,     477758,         690,               5,             0,           0,       60, No             , Own          ,       0
 65,  219407,     635895,         844,              20,             3,       29178,       60, No             , Mortgage     ,       0
 35,  150000,     287555,         560,               1,             3,       25119,       60, No             , Rent         ,       0
 36,  209557,     727279,         654,              10,             2,        8241,       60, No             , Mortgage     ,       0
 43,  220388,      89634,         729,              17,             3,       14497,       84, Yes            , Own          ,       0
 29,  150000,     715991,         555,              11,             2,       26049,       60, No             , Rent         ,       1
 45,  717023,      50000,         850,               0,             0,       21493,       60, No             , Mortgage     ,       0
 33, 1285429,     758646,         612,              15,             4,       33761,       36, No             , Own          ,       1
 34,  578989,     528410,         673,               3,             5,       41445,       60, No             , Mortgage     ,       0
 53, 1145307,     784231,         638,              15,             1,        9611,       60, No             , Rent         ,       0
 33,  945851,     316554,         646,              15,             1,       22826,       84, No             , Mortgage     ,       1
 35,  905833,     535073,         693,              17,             0,        7383,       12, No             , Mortgage     ,       0
 49,  441346,     376060,         786,              25,             2,       12754,       24, No             , Mortgage     ,       0
 45,  678533,     741511,         655,               6,             1,        5321,       60, No             , Own          ,       0
 61,  407319,     299337,         743,              15,             3,       20797,       48, No             , Mortgage     ,       0
 39,  210016,      50000,         603,               0,             1,       19163,       60, No             , Rent         ,       0
 52,  751333,     688321,         748,              13,             2,       32981,       60, No             , Rent         ,       0
 31,  183719,     422063,         654,               0,             0,       15239,       60, No             , Mortgage     ,       1
 63,  994978,     561231,         691,              14,             2,       33897,       48, Yes            , Mortgage     ,       0
 48,  874116,     571360,         509,              20,             4,       28639,       48, No             , Own          ,       1
 25,  604160,     267970,         764,               3,             3,       47083,       60, Yes            , Rent         ,       0
 53,  650809,    1070658,         587,              30,             3,       30956,       24, No             , Rent         ,       1
 37,  262800,     760984,         561,              19,             3,       27602,       36, No             , Mortgage     ,       1
 39, 1185263,     664006,         747,              21,             2,       17731,       24, No             , Rent         ,       0
 42, 1245125,     884733,         671,              22,             5,       37990,       60, No             , Own          ,       0
 55,  162741,     328586,         696,               9,             4,       26684,       60, No             , Mortgage     ,       0
 62,  657911,     679010,         850,              16,             2,       18385,       36, Yes            , Rent         ,       0
 58,  479053,     556248,         511,               4,             0,        2194,       36, No             , Own          ,       0
 37,  433059,     295899,         682,              19,             0,        9984,       60, No             , Rent         ,       0
 57, 1171207,     797879,         787,               4,             0,        5314,       60, No             , Mortgage     ,       1
 49,  535567,     741669,         613,              20,             4,       43432,       36, No             , Rent         ,       1
 61,  808210,      50000,         506,              18,             4,       44955,       60, No             , Own          ,       1
 53,  576125,      50000,         774,               9,             5,       39439,       60, No             , Rent         ,       0
 39,  685740,     849884,         719,              21,             1,           0,       24, No             , Rent         ,       0
 21, 1371442,     531087,         652,               3,             4,       38405,       12, No             , Own          ,       1
 45,  662715,     196256,         739,               0,             5,       23382,       48, No             , Mortgage     ,       0
 23,  524952,     457785,         736,               5,             4,       43693,       60, Yes            , Own          ,       0
 64,  728143,     296193,         719,              13,             4,       28406,       24, No             , Rent         ,       0
 25,  699407,      50000,         779,               7,             3,       28524,       36, No             , Own          ,       0
 25,  605838,      50000,         777,               7,             0,       15892,       60, No             , Rent         ,       0
 37,  958704,     530589,         701,               9,             0,       16291,       24, Yes            , Rent         ,       1
 46, 1223030,     991763,         850,              27,             0,        4290,       24, No             , Rent         ,       0
 53, 1463162,    1199832,         673,              15,             4,       18780,       60, No             , Rent         ,       0
 55, 1060204,      94812,         631,              11,             5,       41283,       48, Yes            , Own          ,       1
 45, 1142343,     498986,         712,              14,             1,       27578,       48, Yes            , Rent         ,       0
 36,  466257,     204831,         434,              16,             1,       22821,       12, Yes            , Mortgage     ,       1
 61,  806542,     447649,         615,              16,             0,        4141,       60, No             , Mortgage     ,       1
 43, 1602668,     892581,         620,              25,             2,       28531,       36, No             , Mortgage     ,       0
 34,  150000,     625222,         671,              13,             0,       18204,       84, No             , Own          ,       0
 49,  594875,     304565,         563,              17,             5,       47113,       36, No             , Mortgage     ,       0
 28,  817796,     702554,         747,              10,             5,       29363,       60, No             , Own          ,       0
 46,  241426,     891294,         618,              23,             0,       18262,       36, No             , Rent         ,       0
 39,  223123,     622224,         669,               8,             2,       27139,       60, Yes            , Rent         ,       1
 38,  895681,     768512,         638,               8,             3,       25494,       60, Yes            , Rent         ,       1
 52, 1309299,     161881,         700,              28,             4,       21362,       60, No             , Rent         ,       0
 29,  526721,     888314,         610,              11,             2,       35633,       60, No             , Rent         ,       1
 41, 1318770,     827019,         731,              23,             0,       20349,       60, No             , Mortgage     ,       0
 57,  762529,     837062,         561,              29,             2,       23969,       36, No             , Rent         ,       1
 46,  458244,     896485,         774,              16,             4,       37073,       60, No             , Rent         ,       0
 42,  800468,     990948,         599,              10,             0,       16306,       24, No             , Rent         ,       0
 37,  150000,    1294222,         662,               7,             3,       35614,       60, No             , Own          ,       1
 41,  801074,    1017254,         619,              12,             2,       21258,       48, No             , Mortgage     ,       0
 26,  720749,     613985,         850,               8,             0,           0,       36, No             , Mortgage     ,       0
 51,  473417,     401147,         750,              16,             3,       27329,       24, No             , Own          ,       1
 41, 1256812,      50000,         551,              23,             2,       23640,       36, Yes            , Rent         ,       1
 48,  292200,     211922,         627,              14,             4,       37878,       48, No             , Rent         ,       0
 59,  752475,     210586,         616,              13,             1,       23160,       24, No             , Rent         ,       0
 49,  808830,     924191,         694,               6,             4,       40466,       12, No             , Own          ,       1
 40,  322402,     576073,         598,               0,             1,       21537,       36, No             , Own          ,       0
 41,  942616,     412115,         606,               7,             1,       22152,       60, No             , Rent         ,       1
 21,  921834,     991032,         611,               3,             1,       13979,       60, No             , Rent         ,       0
 44,  709951,     524516,         624,              11,             1,       23779,       36, No             , Rent         ,       0
 42,  687701,     516103,         744,              15,             5,       31942,       12, No             , Rent         ,       0
 61,  723854,     995718,         657,              27,             2,       24505,       24, No             , Rent         ,       0
 65,  949644,     413467,         654,              24,             3,       30162,       36, No             , Rent         ,       0
 36,  962534,     646228,         743,              16,             1,       17697,       48, No             , Own          ,       0
 22,  338342,      50000,         569,               4,             3,       39471,       12, No             , Rent         ,       1
 30, 1221829,    1213196,         746,               1,             2,       29501,       84, No             , Rent         ,       0
 31,  555382,     409565,         758,              13,             3,       16607,       60, No             , Rent         ,       0
 48,  870377,     409811,         569,               4,             2,       11381,       60, No             , Rent         ,       0
 54,  382917,     699023,         774,              14,             4,       29232,       36, No             , Rent         ,       0
 38, 1527290,     355227,         673,              20,             1,       18609,       24, No             , Rent         ,       0
 55,  909528,     458926,         699,               7,             3,       34206,       84, No             , Rent         ,       0
 55,  705660,     175922,         842,               7,             5,       31463,       24, Yes            , Own          ,       0
 51,  924092,      50000,         610,               3,             2,       23208,       36, No             , Rent         ,       0
 53,  580875,     767474,         717,              12,             1,       22563,       60, No             , Own          ,       1
 43, 1270635,     640720,         658,              18,             4,       26927,       48, No             , Mortgage     ,       0
 43,  336052,     973796,         767,               2,             1,       18536,       48, No             , Mortgage     ,       0
 60,  445635,     251938,         591,               0,             0,       14142,       60, Yes            , Own          ,       1
 58,  588398,     805191,         850,              12,             4,       48377,       36, No             , Own          ,       0
 65, 1011255,     950848,         746,               7,             1,       21062,       12, Yes            , Own          ,       0
 61,  659850,     992170,         784,              17,             0,       12314,       60, No             , Rent         ,       0
 61,  446737,     338743,         630,              10,             0,           0,       60, No             , Own          ,       0
 44,  900024,     889569,         524,              11,             3,       22260,       12, Yes            , Mortgage     ,       1
 37,  747428,     862724,         564,              19,             0,        9029,       84, No             , Own          ,       0
 58,  598498,     499345,         541,              20,             0,       14812,       84, No             , Mortgage     ,       0
 42,  580239,    1309252,         761,              24,             0,       12868,       60, No             , Rent         ,       0
 42,  198374,     428042,         803,              21,             3,       12584,       48, No             , Mortgage     ,       0
 25,  290681,     418374,         702,               7,             4,       24491,       36, No             , Rent         ,       1
 58, 1354418,     635418,         810,              26,             2,       23103,       60, No             , Rent         ,       0
 36,  281519,     757831,         649,              18,             4,       44915,       36, No             , Mortgage     ,       1
 63,  617475,     665359,         772,              15,             1,        2467,       24, Yes            , Rent         ,       0
 28,  722072,      50000,         716,               2,             0,        8451,       60, No             , Rent         ,       0
 48, 1008966,     482878,         684,               3,             1,       20972,       36, No             , Own          ,       0
 36,  358711,     412016,         790,              13,             2,       21263,       48, Yes            , Rent         ,       1
 42,  473179,     206081,         802,              24,             4,       33267,       12, No             , Own          ,       0
 51,  337960,     575948,         704,              13,             2,       30766,       36, No             , Own          ,       0
 65,  403330,     538603,         569,               7,             3,       31185,       60, No             , Rent         ,       0
 34,  610485,     411991,         659,               8,             4,       13982,       36, No             , Mortgage     ,       0
 54,  455836,      50000,         620,              13,             1,       26279,       48, No             , Rent         ,       0
 47,  575363,     956356,         688,              13,             0,       12762,       48, No             , Own          ,       0
 42,  756390,    1116465,         741,              15,             3,       30647,       60, No             , Mortgage     ,       1
 37,  727501,    1155243,         749,              19,             2,       33860,       24, No             , Rent         ,       0
 29,  761028,     666972,         641,              11,             5,       47018,       24, Yes            , Mortgage     ,       0
 36, 1469243,     577440,         706,              18,             0,        5290,       48, No             , Rent         ,       0
 33,  584933,     645156,         710,              11,             3,       46434,       36, No             , Mortgage     ,       0
 40,  548150,     504380,         574,               8,             2,       26231,       48, No             , Rent         ,       1
 35,  665944,     259732,         777,              17,             4,       19813,       48, No             , Rent         ,       0
 52,  150000,     644390,         661,              21,             5,       25717,       60, No             , Rent         ,       0
 64,  314625,     886686,         748,               4,             0,        4374,       36, No             , Mortgage     ,       0
 50,  483573,     393820,         609,               2,             5,       41643,       60, No             , Mortgage     ,       1
 46,  712819,    1002636,         676,              28,             5,       50016,       60, No             , Rent         ,       1
 57,  416279,     519112,         765,              10,             0,        8467,       60, Yes            , Rent         ,       0
 59, 1162488,     426606,         615,               7,             4,       32394,       36, No             , Rent         ,       0
 21,  617704,      50000,         728,               2,             1,       25856,       84, No             , Own          ,       0
 35,  150000,     749820,         741,              13,             3,       26792,       60, No             , Rent         ,       0
 56,  341366,     455768,         599,               9,             0,       24122,       84, No             , Own          ,       0
 37,  969452,     540866,         797,               7,             1,       24157,       24, No             , Mortgage     ,       0
 51,  792612,     610360,         696,              16,             0,           0,       24, No             , Mortgage     ,       0
 21,  557112,     738425,         777,               3,             4,       37200,       60, No             , Mortgage     ,       0
 22,  573945,     841877,         409,               4,             4,       19012,       48, No             , Rent         ,       1
 62,  657144,    1459802,         681,               0,             4,       32202,       60, No             , Mortgage     ,       0
 57,  955407,    1125040,         556,               0,             3,        8939,       60, Yes            , Rent         ,       1
 56,  743875,      50000,         665,               9,             0,        8627,       36, No             , Rent         ,       0
 26,  894664,     476124,         721,               8,             4,       37756,       36, No             , Mortgage     ,       0
 39,  762491,     748587,         732,              21,             2,       24687,       12, Yes            , Rent         ,       0
 27,  374405,     668148,         606,               5,             4,       35696,       60, No             , Own          ,       1
 55,  933864,     298151,         680,              22,             2,       22546,       12, No             , Mortgage     ,       0
 21,  405315,     841509,         850,               3,             0,       12660,       60, No             , Own          ,       0
 27, 1137866,     208636,         778,               9,             3,       34277,       60, No             , Rent         ,       0
 57, 1063272,     902559,         519,              22,             4,       34323,       84, No             , Rent         ,       0
 51,  580183,     385083,         769,               9,             1,       37617,       12, No             , Mortgage     ,       0
 54,  672392,     662156,         672,              11,             0,       19838,       36, No             , Rent         ,       0
 50,  792217,     209885,         685,              27,             4,       29369,       60, No             , Rent         ,       0
 38, 1823035,     672216,         682,              20,             5,       42241,       24, No             , Own          ,       0
 29,  845048,     702727,         742,               3,             3,       24934,       24, No             , Mortgage     ,       0
 62,  848217,     676495,         538,              16,             2,       20849,       48, No             , Rent         ,       0
 42,  150000,      50000,         758,               3,             3,       26351,       24, No             , Mortgage     ,       0
 45,  972921,     758216,         847,              11,             2,       11047,       36, No             , Rent         ,       0
 32, 1034146,    1018707,         837,               9,             3,       15552,       24, No             , Rent         ,       0
 36,  420841,     859247,         726,               9,             4,       23932,       48, No             , Rent         ,       0
 36,  652543,     321676,         617,              18,             3,       17802,       60, No             , Own          ,       0
 58,  150000,     294561,         638,               4,             5,       45462,       84, No             , Rent         ,       1
 50, 1005019,     713005,         797,              28,             3,       30197,       84, No             , Own          ,       0
 49, 1104365,     700366,         627,              29,             2,       16946,       36, No             , Mortgage     ,       0
 40,  595985,     242455,         693,              17,             1,       15630,       60, No             , Mortgage     ,       0
 36,  326814,     465183,         546,              18,             2,       27708,       36, No             , Rent         ,       1
 39,  150000,      50000,         689,              21,             2,       18857,       36, No             , Rent         ,       0
 52,  542823,     590018,         650,               7,             1,       17939,       12, No             , Mortgage     ,       0
 23,  150000,      75464,         699,               2,             5,       35625,       60, No             , Own          ,       0
 24,  689675,      50000,         777,               3,             3,       26335,       60, Yes            , Rent         ,       0
 64,  150000,     520112,         731,              19,             5,       20359,       24, No             , Mortgage     ,       0
 30,  596976,     102825,         705,               1,             3,       33058,       60, No             , Mortgage     ,       0
 47,  517071,     192593,         542,              29,             3,       21155,       48, No             , Mortgage     ,       1
 32, 1114572,     621178,         697,               4,             3,       25004,       36, No             , Own          ,       0
 59,  262576,      50000,         850,              30,             5,       26801,       24, No             , Own          ,       0
 62, 1154413,     615811,         630,              23,             5,       31183,       36, Yes            , Mortgage     ,       0
 27,  573409,     323099,         505,               9,             1,        8704,       24, No             , Rent         ,       0
 31,  836591,     584089,         570,               3,             0,           0,       60, No             , Rent         ,       1
 49,  712073,     173327,         850,               8,             1,       19022,       36, No             , Mortgage     ,       0
 50,  854550,     577750,         711,               2,             0,       10174,       60, No             , Mortgage     ,       0
 32,  687162,    1239252,         533,              11,             1,        3486,       12, No             , Mortgage     ,       0
 26,  784294,     419221,         658,               1,             0,       16814,       36, No             , Rent         ,       0
 44,  150000,     278246,         670,              26,             0,        9331,       60, No             , Rent         ,       0
 41, 1286632,      50000,         790,              23,             2,       11673,       48, No             , Rent         ,       0
 26,  311792,    1037147,         657,               8,             1,       28683,       60, No             , Mortgage     ,       0
 55, 1098317,     920692,         655,               7,             4,       25725,       48, No             , Rent         ,       1
 44,  475500,     826953,         804,               8,             3,       27157,       60, No             , Mortgage     ,       0
 33,  764295,     580868,         608,               7,             1,       14424,       60, No             , Mortgage     ,       0
 29, 1014404,      90897,         791,              11,             1,       17532,       60, No             , Mortgage     ,       0
 63,  186949,      88446,         729,              23,             1,       11135,       60, Yes            , Mortgage     ,       1
 51,  497161,     581264,         819,              12,             1,       19287,       60, No             , Rent         ,       0
 35,  928247,     865557,         682,               8,             3,       21870,       24, No             , Mortgage     ,       0
 55,  470024,     863215,         665,              25,             2,       23293,       36, No             , Rent         ,       1
 31,  150000,     539265,         743,              13,             4,       19930,       12, No             , Rent         ,       0
 51,  366048,     791807,         691,              11,             3,       36489,       60, No             , Mortgage     ,       1
 27,  391640,    1552460,         599,               9,             4,       42614,       60, No             , Rent         ,       1
 57, 1054508,     613852,         611,              23,             3,       21046,       24, No             , Own          ,       0
 30, 1159280,     386916,         671,              12,             4,       24148,       12, No             , Own          ,       0
 37,  150000,     747817,         782,               5,             5,       36609,       60, No             , Mortgage     ,       0
 59,  336424,     635029,         656,               4,             0,       12955,       48, No             , Rent         ,       0
 65, 1050330,     471937,         520,              26,             1,       27445,       36, No             , Rent         ,       0
 49,  150000,     311643,         636,              30,             1,       12864,       60, Yes            , Rent         ,       1
 29,  150000,    1033339,         571,              11,             0,        7499,       60, Yes            , Own          ,       1
 38,  965511,     700055,         830,              11,             5,       37411,       36, No             , Mortgage     ,       0
 45,  430171,    1153925,         681,              27,             5,       28033,       48, No             , Mortgage     ,       1
 36,  714738,     659598,         611,               5,             5,       40443,       36, No             , Rent         ,       0
 21,  684751,     490943,         738,               3,             4,       28504,       60, No             , Rent         ,       0
 54,  588996,     330786,         608,              11,             3,       30344,       60, No             , Rent         ,       0
 62,  918926,     421542,         794,              12,             3,       18051,       36, No             , Rent         ,       0
 57,  362589,     292990,         671,               2,             4,       37368,       60, Yes            , Own          ,       1
 27,  947735,     189884,         600,               4,             5,       46498,       84, No             , Rent         ,       0
 29,  792508,    1330106,         670,               5,             3,       14074,       60, No             , Rent         ,       1
 63,  526632,     248791,         648,               6,             2,       17938,       48, No             , Rent         ,       0
 55,  958991,     609554,         683,               6,             2,       20676,       60, No             , Rent         ,       0
 44, 1406487,     474745,         742,               8,             3,        5324,       48, No             , Own          ,       0
 31,  839862,     229130,         846,              12,             3,       13310,       48, No             , Rent         ,       0
 51, 1245848,     687956,         775,              29,             2,       11529,       48, No             , Own          ,       0
 34, 1266566,     268722,         658,              16,             2,       25926,       48, No             , Rent         ,       0
 64,  674008,     494567,         615,              24,             3,       52122,       36, Yes            , Rent         ,       0
 47,  774042,     260254,         683,              28,             2,       11617,       24, No             , Mortgage     ,       0
 43, 1280327,     417446,         582,              16,             4,       34053,       24, No             , Mortgage     ,       1
 59, 1132495,     747601,         523,               6,             1,       19378,       36, No             , Rent         ,       1
 62,  697849,     565266,         661,               7,             4,       40767,       48, Yes            , Mortgage     ,       1
 22,  150000,     470415,         640,               4,             5,       40870,       60, No             , Rent         ,       0
 46,  632214,      50000,         796,              10,             5,       46668,       12, No             , Own          ,       0
 24,  652236,     422243,         679,               6,             4,        9953,       24, No             , Own          ,       0
 42,  150000,     611602,         773,              14,             1,       22873,       12, No             , Rent         ,       0
 56,  444839,     516110,         850,              15,             2,       23115,       36, No             , Rent         ,       1
 46,  751025,     922655,         773,              10,             5,       17305,       48, Yes            , Rent         ,       0
 53, 1193455,     227387,         692,              18,             3,       35895,       60, No             , Rent         ,       0
 47,  803040,     797064,         751,              19,             0,       16301,       60, No             , Own          ,       0
 58, 1288961,     844705,         608,              18,             4,       27227,       48, No             , Rent         ,       1
 65,  807831,    1053351,         679,              17,             3,       21254,       24, No             , Rent         ,       0
 33,  503833,     853842,         680,               6,             0,           0,       60, No             , Own          ,       0
 48,  677554,     338981,         707,               7,             2,        5185,       24, Yes            , Mortgage     ,       0
 29,  555487,     611580,         655,               0,             0,       16658,       36, No             , Own          ,       0
 27, 1216314,     185900,         682,               7,             5,       33585,       60, No             , Own          ,       0
 22,  527239,     231075,         822,               4,             5,       33220,       36, No             , Own          ,       0
 57, 1057321,     540730,         591,              30,             3,       23163,       60, No             , Mortgage     ,       0
 42,  816130,     394756,         667,              11,             0,       22985,       48, No             , Rent         ,       0
 39,  394857,      50000,         718,              21,             3,       23743,       48, No             , Own          ,       0
 28,  999899,     453246,         729,              10,             0,        9904,       36, No             , Mortgage     ,       0
 61,  346051,     544782,         613,               2,             0,       13853,       24, No             , Own          ,       1
 38,  690449,     378711,         610,               1,             4,       24341,       60, No             , Mortgage     ,       1
 51,  661486,      97837,         706,              12,             5,       36994,       60, No             , Own          ,       0
 33, 1672483,     627875,         709,              15,             5,       30209,       12, No             , Mortgage     ,       0
 47,  603662,      50000,         510,               6,             1,           0,       60, No             , Own          ,       0
 29,  710012,     748858,         835,              11,             0,       24518,       36, No             , Rent         ,       0
 38,  788435,     660552,         652,               8,             4,       44996,       84, No             , Rent         ,       0
 27,  632763,     370926,         756,               9,             0,       18481,       60, No             , Own          ,       1
 56,  267218,     913312,         746,              20,             1,        6391,       60, No             , Mortgage     ,       0
 65,  705623,    1349495,         498,              14,             3,       24576,       36, Yes            , Rent         ,       1
 23,  665696,      50000,         702,               5,             3,       15800,       60, No             , Own          ,       0
 33,  463692,    1554257,         631,              15,             4,       25287,       60, No             , Mortgage     ,       1
 39, 1136037,     179385,         805,              16,             4,       36295,       24, No             , Own          ,       0
 55,  563262,     565468,         761,              22,             1,       19894,       36, No             , Rent         ,       0
 43,  593577,     161935,         810,               9,             1,       18943,       24, No             , Own          ,       0
 52,  605439,     990962,         697,              26,             0,       31758,       60, No             , Rent         ,       0
 33,  350424,     967554,         584,               8,             4,       27209,       36, No             , Rent         ,       1
 63,  506260,     758828,         671,               3,             5,       44380,       24, No             , Own          ,       0
 30,  918244,     470361,         681,               0,             2,       30768,       60, No             , Rent         ,       1
 36,  606068,      50000,         734,              18,             3,       37073,       60, No             , Own          ,       0
 32,  575550,     320496,         745,               6,             4,       40904,       60, No             , Rent         ,       0
 22,  844909,     700773,         772,               4,             0,        6031,       36, No             , Rent         ,       0
 47,  746542,     146334,         741,              20,             4,       31077,       36, No             , Rent         ,       0
 30,  901082,      50000,         685,               4,             4,       25816,       24, No             , Own          ,       0
 36,  586536,     410690,         763,               7,             3,       31365,       36, No             , Rent         ,       0
 56,  685255,     120871,         630,              28,             4,       25172,       84, No             , Rent         ,       1
 41, 1021850,     751909,         659,              17,             2,       19687,       60, No             , Own          ,       0
 44,  744335,      50000,         638,               0,             3,        6175,       60, No             , Rent         ,       0
 47,  534338,      50000,         756,              16,             2,       31420,       36, No             , Rent         ,       0
 39,  408985,     414659,         629,              11,             5,       29063,       24, No             , Mortgage     ,       0
 47,  676486,     568586,         724,               6,             2,        5886,       36, No             , Rent         ,       0
 56,  921002,     678037,         669,              16,             0,           0,       24, Yes            , Own          ,       0
 64,  880392,     783282,         667,               9,             5,       35014,       48, No             , Own          ,       1
 55,  698751,      50000,         750,              22,             3,       43104,       60, Yes            , Rent         ,       0
 29,  598365,     469447,         621,              11,             1,       14776,       60, No             , Mortgage     ,       0
 56, 1060761,     437357,         676,              21,             3,       33828,       48, No             , Mortgage     ,       0
 43, 1101346,      50000,         703,               8,             0,       17842,       36, No             , Mortgage     ,       0
 32,  631968,     979029,         687,              14,             3,       36054,       36, Yes            , Mortgage     ,       0
 45,  150000,     365517,         738,              12,             4,       36109,       36, Yes            , Mortgage     ,       0
 30,  217618,      95906,         669,              12,             3,       25077,       36, No             , Rent         ,       1
 50,  285515,     838263,         695,              14,             5,       32969,       60, Yes            , Own          ,       1
 52,  366657,    1100798,         850,               4,             3,       30685,       60, No             , Own          ,       1
 23,  634748,     490374,         656,               5,             2,       20418,       60, No             , Rent         ,       0
 45,  810936,      50000,         595,              26,             2,        2554,       36, No             , Rent         ,       0
 29,  744193,     501012,         712,              11,             1,       11430,       60, No             , Own          ,       0
 60,  603755,     649494,         573,               7,             0,       20533,       36, No             , Own          ,       0
 34,  150000,     635539,         676,              11,             1,       16999,       60, No             , Rent         ,       0
 44, 1184544,     265816,         687,              26,             2,       16628,       12, No             , Rent         ,       1
 32,  251398,    1214221,         733,              14,             4,       19405,       48, No             , Own          ,       0
 60,  697502,     558769,         716,               0,             5,       18148,       24, No             , Rent         ,       0
 37,  993017,      50000,         656,              13,             4,       31452,       60, No             , Rent         ,       0
 28,  324620,    1283664,         658,              10,             4,       31844,       60, No             , Rent         ,       0
 52,  395958,     508475,         787,               4,             1,       22735,       36, No             , Rent         ,       1
 23, 1238645,     747074,         631,               0,             4,       24640,       60, No             , Own          ,       0
 32,  401314,     763317,         770,              14,             0,       14093,       36, No             , Own          ,       0
 62,  864503,     582577,         650,              30,             0,       17604,       60, No             , Own          ,       0
 46,  601916,    1249552,         693,               4,             2,        5684,       24, No             , Own          ,       0
 55,  523584,    1341762,         744,              20,             5,       29090,       60, No             , Mortgage     ,       0
 39,  656628,      54579,         754,               0,             5,       27549,       60, No             , Mortgage     ,       0
 56,  357516,     394993,         748,              10,             0,       24526,       36, No             , Own          ,       0
 35,  347977,     529896,         617,              17,             1,       20647,       48, No             , Rent         ,       1
 54,  743156,     341789,         734,               9,             4,       25521,       36, No             , Rent         ,       0
 64,  668472,     384457,         592,              15,             5,       42576,       48, No             , Mortgage     ,       1
 29, 1411416,      50000,         782,              11,             3,       35281,       48, No             , Rent         ,       0
 37, 1749881,     582457,         569,              19,             4,       27007,       24, No             , Rent         ,       0
 48,  678801,     770907,         712,              13,             5,       39911,       84, No             , Rent         ,       0
 47,  528398,     685515,         744,              22,             2,       10795,       60, No             , Rent         ,       1
 58,  937262,     707387,         685,              14,             1,       23814,       24, No             , Mortgage     ,       0
 62,  562158,     655215,         759,              26,             1,       14934,       60, No             , Rent         ,       0
 63,  825910,     758982,         634,              16,             3,       34147,       60, Yes            , Mortgage     ,       1
 52,  207453,     357813,         850,              20,             2,       20411,       36, No             , Own          ,       0
 48, 1247786,     597843,         748,               0,             1,           0,       24, No             , Own          ,       0
 31,  752030,     835686,         554,              13,             3,       23123,       48, No             , Rent         ,       1
 53,  150000,     683064,         808,              20,             3,       20953,       60, No             , Rent         ,       0
 58, 1134723,     834825,         539,              17,             4,       33236,       36, No             , Own          ,       0
 33, 1027927,     849118,         588,               8,             5,       35868,       24, No             , Rent         ,       0
 52,  539907,    1220777,         566,               9,             5,       21952,       60, Yes            , Rent         ,       1
 46,  399359,     204326,         796,              28,             3,       16100,       60, No             , Mortgage     ,       0
 36,  212639,     640284,         581,               4,             0,       16230,       60, Yes            , Rent         ,       1
 28,  608654,     617691,         706,              10,             4,       38706,       84, No             , Rent         ,       0
 55,  932795,     412495,         599,              30,             2,       20537,       36, No             , Mortgage     ,       1
 47,  579750,      50000,         819,               3,             1,       10694,       12, No             , Own          ,       0
 30,  474650,     341976,         618,              12,             2,       34928,       84, No             , Mortgage     ,       0
 52,  806683,     451026,         709,              30,             3,       18819,       36, No             , Rent         ,       0
 57,  838111,     868894,         601,               1,             0,       10464,       12, No             , Mortgage     ,       0
 59,  498647,     835021,         754,               6,             2,       23248,       36, No             , Rent         ,       0
 21,  795913,     497789,         771,               3,             2,       23960,       36, No             , Mortgage     ,       0
 56,  150000,    1078117,         577,               0,             0,       16220,       24, Yes            , Rent         ,       1
 42,  809473,     889957,         672,              11,             1,       18184,       36, No             , Rent         ,       0
 48, 1750699,     781622,         822,              11,             3,       33642,       36, No             , Rent         ,       0
 57, 1124542,      50000,         616,              18,             4,       24658,       24, No             , Mortgage     ,       0
 38, 1227112,     680320,         646,              17,             3,       39362,       36, Yes            , Rent         ,       0
 45, 1055887,      50000,         717,               0,             3,       26791,       36, No             , Own          ,       0
 26,  903350,     839257,         534,               8,             2,       32647,       60, No             , Rent         ,       0
 55,  807351,     242320,         586,              29,             4,       35368,       12, No             , Rent         ,       0
 56,  150000,     335348,         701,              24,             2,       19093,       60, No             , Mortgage     ,       0
 31,  863267,     958471,         679,              13,             5,       38847,       84, No             , Mortgage     ,       0
 39,  471480,     465667,         627,              21,             4,       29492,       24, No             , Own          ,       1
 63,  927615,     971221,         759,              20,             1,       16755,       36, No             , Own          ,       0
 64,  735591,    1096943,         611,              23,             2,       44785,       36, No             , Own          ,       0
 26,  934511,     349979,         850,               6,             5,       39938,       36, No             , Own          ,       0
 48, 1367420,     528270,         803,               3,             5,       35802,       60, No             , Own          ,       0
 63,  554485,    1062630,         779,               8,             1,       22887,       36, No             , Mortgage     ,       0
 42,  580190,     696161,         598,              24,             2,       28856,       36, No             , Mortgage     ,       1
 30,  892605,     897778,         677,               2,             0,        6489,       36, No             , Mortgage     ,       0
 35,  150000,     389973,         450,               5,             3,       26105,       12, No             , Rent         ,       1
 28, 1481461,     280701,         729,               8,             3,       48067,       48, No             , Rent         ,       0
 64, 1028813,     919612,         664,              13,             5,       30499,       60, No             , Mortgage     ,       1
 49,  953573,     542831,         582,              23,             2,       23670,       48, No             , Rent         ,       0
 44, 1109872,     861529,         713,              17,             2,       27003,       24, No             , Rent         ,       0
 54,  955198,      50000,         670,              16,             0,        8662,       60, No             , Rent         ,       0
 59,  995609,     434849,         682,              11,             5,       26568,       36, No             , Mortgage     ,       0
 60,  342453,     486083,         707,              14,             2,       32104,       36, No             , Rent         ,       0
 47,  850198,      50000,         601,              18,             5,       44434,       24, No             , Mortgage     ,       1
 30,  221980,     488530,         740,              12,             4,       33431,       24, No             , Rent         ,       1
 64,  656212,     266570,         691,              21,             4,       39503,       48, Yes            , Rent         ,       1
 44, 1000071,      50000,         850,              26,             3,       24149,       84, No             , Rent         ,       0
 45,  951133,    1340264,         622,              16,             1,        3760,       36, Yes            , Rent         ,       1
 63,  209166,      50000,         616,              19,             1,           0,       36, No             , Own          ,       0
 61,  975324,     204379,         632,               1,             2,       28120,       84, No             , Mortgage     ,       0
 37,  514947,     502047,         704,              14,             4,       24191,       24, No             , Rent         ,       0
 29, 1094713,     108479,         586,              11,             1,        9680,       48, Yes            , Mortgage     ,       0
 38,  313048,     606823,         612,              20,             5,       27935,       60, No             , Rent         ,       1
 58, 1347927,     953008,         585,              28,             1,        5613,       36, No             , Rent         ,       0
 23,  645121,     801329,         614,               5,             3,       47792,       24, No             , Own          ,       1
 39,  518741,     169586,         669,              20,             4,       32347,       24, No             , Mortgage     ,       0
 32,  780840,     275302,         730,              14,             0,       31806,       48, No             , Rent         ,       0
 53,  551190,     174235,         468,               8,             2,        9280,       48, No             , Rent         ,       1
 42,  645788,     860874,         646,              17,             3,       39279,       48, No             , Rent         ,       1
 37,  150000,     153772,         686,              19,             1,       12655,       60, No             , Rent         ,       0
 23,  663608,     816205,         685,               5,             1,       26659,       48, Yes            , Rent         ,       1
 32,  921531,      50000,         519,              13,             4,       21813,       24, No             , Own          ,       0
 40,  338978,     715838,         590,              22,             3,       36177,       60, Yes            , Rent         ,       1
 52,  599316,     901181,         608,              18,             5,       31617,       24, No             , Mortgage     ,       0
 28, 1189770,     107293,         806,              10,             2,       28465,       60, No             , Rent         ,       0
 65,  832922,     754160,         771,               0,             0,       21541,       24, No             , Own          ,       0
 25,  178008,     531820,         662,               7,             5,       54728,       48, Yes            , Rent         ,       1
 28,  549344,     345280,         661,               9,             3,       35747,       48, No             , Mortgage     ,       0
 35,  588109,     694780,         580,              17,             2,        9056,       36, Yes            , Mortgage     ,       1
 41,  683505,    1040893,         657,              14,             3,       46451,       36, No             , Mortgage     ,       0
 38, 1232814,     497888,         666,              15,             0,       14642,       84, No             , Mortgage     ,       0
 40,  404946,    1021623,         663,              11,             3,       26254,       48, No             , Rent         ,       0
 47,  300981,     409012,         619,              13,             3,       21728,       12, Yes            , Mortgage     ,       1
 50, 1006907,     981366,         694,               3,             1,       12399,       12, No             , Rent         ,       0
 59,  150000,      50000,         499,              17,             2,        4147,       48, No             , Mortgage     ,       0
 55,  794273,     275329,         784,               0,             3,       25655,       60, No             , Own          ,       0
 45,  918742,     296925,         575,              20,             0,        2872,       24, No             , Own          ,       0
 58,  662687,     819802,         669,               5,             0,       14117,       60, No             , Own          ,       0
 34,  550952,     613213,         640,               6,             3,       11738,       24, No             , Rent         ,       1
 45,  726044,     637778,         667,               8,             1,       23044,       36, No             , Rent         ,       0
 65,  832994,     536738,         732,              22,             1,       10037,       24, No             , Rent         ,       0
 53, 1125773,     284948,         775,              26,             1,           0,       60, Yes            , Mortgage     ,       0
 65,  150000,     565507,         557,              24,             5,       37996,       48, No             , Mortgage     ,       0
 61,  702039,      50000,         758,               8,             4,       31397,       36, No             , Rent         ,       0
 47,  897178,     148378,         804,               3,             1,        9965,       60, No             , Rent         ,       0
 35,  895118,     625553,         557,              17,             0,        3247,       36, No             , Rent         ,       1
 29,  741257,     285532,         765,              11,             4,       35963,       36, No             , Rent         ,       0
 21, 1403783,     291826,         604,               3,             0,       19466,       84, No             , Rent         ,       0
 31, 1021237,      53669,         642,              13,             1,       20227,       36, No             , Rent         ,       0
 63,  555317,     377500,         705,              21,             1,        9317,       36, No             , Mortgage     ,       1
 43,  375820,     274179,         518,              25,             2,       11617,       24, No             , Rent         ,       0
 34,  597267,     490238,         553,              16,             2,       28015,       36, No             , Rent         ,       0
 28,  615346,     569347,         683,              10,             5,       28834,       36, Yes            , Mortgage     ,       1
 37,  720880,     223525,         662,              17,             5,       35732,       60, No             , Mortgage     ,       1
 31,  926117,      91283,         647,              13,             2,       16751,       60, No             , Mortgage     ,       0
 49, 1266406,     795048,         700,              18,             1,       20308,       24, No             , Mortgage     ,       0
 44,  690123,    1167848,         498,               2,             5,       50071,       24, No             , Rent         ,       1
 57,  567779,     182507,         663,              22,             0,       22083,       60, Yes            , Rent         ,       0
 23, 1289236,     482763,         697,               2,             0,       12414,       48, No             , Rent         ,       0
 28, 1067580,     580574,         572,              10,             0,       25537,       48, Yes            , Rent         ,       0
 35,  317334,     664922,         770,              15,             3,       27838,       12, No             , Own          ,       0
 53,  457397,     327807,         645,              18,             0,       21521,       12, Yes            , Mortgage     ,       0
 42,  851133,      50000,         662,               4,             2,       26587,       36, No             , Own          ,       0
 62, 1060373,     798159,         568,               5,             4,       40477,       60, Yes            , Rent         ,       1
 55,  740266,      87565,         556,              26,             4,       16548,       36, No             , Rent         ,       1
 45,  366225,      50000,         685,               8,             1,       17096,       36, No             , Mortgage     ,       0
 52,  314017,     539720,         847,              28,             5,       68924,       60, No             , Mortgage     ,       0
 39,  967295,     533562,         683,               1,             2,       18728,       12, No             , Mortgage     ,       0
 22,  667834,     736528,         741,               4,             3,       33475,       48, No             , Rent         ,       0
 41,  804161,     833068,         571,               0,             3,       19519,       36, No             , Mortgage     ,       0
 60,  934750,     671086,         521,               2,             0,        8090,       60, Yes            , Mortgage     ,       1
 23, 1140736,      50000,         632,               5,             2,        5171,       36, No             , Own          ,       0
 25, 1238229,     683042,         759,               7,             5,       43074,       36, No             , Rent         ,       0
 48,  936332,     700135,         677,               9,             0,       21896,       12, No             , Rent         ,       0
 49, 1106515,     691072,         671,               9,             3,       33794,       36, No             , Mortgage     ,       0
 41,  195107,     765851,         689,              23,             5,       47466,       48, No             , Rent         ,       0
 28,  150000,     701445,         653,               2,             3,       24446,       60, No             , Mortgage     ,       0
 44,  278917,     292704,         628,              18,             1,           0,       84, No             , Mortgage     ,       0
 22,  591532,     322568,         782,               0,             2,       34633,       36, No             , Rent         ,       0
 46,  666646,     540261,         604,              20,             5,       39949,       36, Yes            , Rent         ,       1
 60, 1043112,     534198,         679,              23,             1,       32395,       60, No             , Own          ,       0
 27,  861118,     932533,         813,               9,             3,       15533,       60, No             , Own          ,       0
 42,  713794,     263587,         697,              13,             2,       38916,       36, No             , Mortgage     ,       1
 42,  999779,     602086,         556,              12,             4,       48282,       60, No             , Own          ,       1
 51,  150000,     660899,         691,               8,             0,       14344,       24, No             , Own          ,       0
 39,  898203,     435819,         701,              13,             3,       31475,       48, No             , Mortgage     ,       0
 37, 1066176,     469460,         628,              19,             2,       25117,       36, No             , Mortgage     ,       0
 33,  588720,     100080,         552,              13,             4,       36878,       12, No             , Mortgage     ,       1
 36,  534388,     432128,         798,              12,             5,       49712,       12, No             , Mortgage     ,       0
 59,  789495,     360183,         726,              17,             2,       30719,       24, No             , Own          ,       0
 21,  357775,    1268864,         697,               3,             4,       28707,       60, No             , Own          ,       1
 30,  828473,    1293342,         688,              12,             3,       18149,       48, No             , Rent         ,       0
 30,  370073,     608223,         766,               4,             1,       28291,       60, No             , Rent         ,       0
 51,  632556,     435440,         605,              30,             4,       24844,       36, No             , Own          ,       0
 43, 1004822,     361611,         660,              13,             1,       21910,       60, No             , Mortgage     ,       0
 32,  886141,     276002,         706,              14,             0,        1680,       60, No             , Rent         ,       0
 35,  725013,     184197,         780,              13,             3,       29405,       60, No             , Own          ,       1
 55,  860053,     442074,         700,              20,             3,       18955,       24, No             , Rent         ,       0
 30,  150000,     171473,         703,              12,             2,       23707,       48, No             , Mortgage     ,       0
 46,  589775,    1035178,         588,              18,             4,       41198,       60, No             , Mortgage     ,       1
 54,  868475,    1211284,         646,              28,             1,       16418,       84, No             , Own          ,       1
 43,  414559,     657134,         753,               6,             2,       13292,       84, No             , Rent         ,       0
 21, 1133625,    1071002,         763,               3,             2,       28449,       36, No             , Mortgage     ,       0
 63,  606375,      50000,         843,              13,             2,       26826,       60, No             , Mortgage     ,       0
 26,  954034,    1068260,         613,               8,             5,       36651,       60, No             , Own          ,       0
 59,  992461,      50000,         654,               6,             1,       27125,       24, No             , Mortgage     ,       0
 33, 1265729,     754302,         775,              15,             3,       13383,       24, No             , Rent         ,       0
 44,  258480,     263982,         783,              21,             3,       33473,       60, Yes            , Rent         ,       0
 36,  454215,     214165,         800,              18,             2,       10198,       36, No             , Rent         ,       0
 46,  983152,      50000,         752,               4,             3,       32976,       36, No             , Rent         ,       0
 21,  790059,     303055,         698,               3,             3,       33878,       84, No             , Mortgage     ,       0
 54,  661119,      50000,         641,              19,             4,       16184,       60, No             , Mortgage     ,       0
 30,  150000,    1539083,         626,              12,             2,       17984,       36, Yes            , Rent         ,       0
 50,  578507,     835571,         674,               5,             2,       26585,       36, No             , Mortgage     ,       0
 38,  961997,      50000,         627,              12,             5,       43614,       24, Yes            , Rent         ,       1
 24,  843241,     650654,         681,               6,             3,       29241,       48, No             , Rent         ,       0
 28,  600879,      78557,         705,              10,             4,       38740,       48, No             , Mortgage     ,       0
 26, 1001706,     725419,         661,               8,             0,        8851,       60, No             , Own          ,       0
 42,  797187,     509623,         775,              19,             0,       23471,       60, No             , Own          ,       0
 44,  150000,     705104,         736,              24,             4,       43529,       12, No             , Rent         ,       1
 39,  795116,      50000,         756,              17,             2,       24878,       12, No             , Mortgage     ,       0
 24,  751377,     691158,         608,               6,             4,       41561,       60, Yes            , Rent         ,       1
 29,  847046,     451836,         571,               4,             4,       38844,       36, Yes            , Mortgage     ,       1
 46, 1045783,     437615,         584,              15,             5,       59906,       36, No             , Rent         ,       1
 57,  404925,    1051866,         627,               4,             0,       17953,       24, No             , Own          ,       1
 59,  511562,     383552,         714,              11,             1,       19784,       24, No             , Own          ,       0
 64, 1026775,     439334,         756,              17,             2,       19017,       36, No             , Mortgage     ,       0
 41,  858191,     427527,         736,              22,             1,       15488,       24, No             , Own          ,       0
 65,  301056,     731045,         568,               7,             3,       41386,       24, No             , Own          ,       0
 44,  828089,      50000,         598,              20,             0,       13986,       12, No             , Own          ,       0
 62,  472213,      50000,         593,              17,             3,       24452,       48, No             , Rent         ,       0
 53, 1147097,      50000,         723,              29,             5,       34802,       48, No             , Rent         ,       0
 23, 1067936,     358189,         701,               5,             1,        7331,       60, Yes            , Rent         ,       1
 24,  451395,     348325,         820,               6,             0,       18315,       36, No             , Rent         ,       0
 53,  884502,     793760,         677,              30,             0,       11688,       60, No             , Rent         ,       0
 29,  318023,     577072,         630,              11,             4,       41972,       12, No             , Mortgage     ,       1
 49, 1166022,    1388875,         656,              23,             2,       34433,       60, Yes            , Own          ,       0
 21,  647184,     364519,         722,               3,             5,       18084,       36, No             , Own          ,       0
 23,  850797,      50000,         669,               5,             2,       20373,       60, No             , Mortgage     ,       0
 58, 1122914,      50000,         702,              19,             1,       21829,       36, No             , Own          ,       0
 50,  659561,     786857,         657,              27,             0,        1109,       12, No             , Rent         ,       0
 54,  969435,     493928,         518,              13,             2,       17040,       12, No             , Rent         ,       1
 39,  573914,     489914,         653,               4,             0,       15175,       24, No             , Rent         ,       0
 37, 1372320,     527437,         712,               0,             4,       26959,       24, No             , Mortgage     ,       0
 22,  677181,     842925,         817,               4,             1,       31522,       60, No             , Rent         ,       0
 37,  369866,      50000,         652,              12,             3,       16085,       36, No             , Rent         ,       0
 31, 1087810,     438237,         639,              13,             4,       25024,       60, No             , Rent         ,       0
 59,  645970,     514374,         686,              17,             0,        4173,       60, No             , Rent         ,       0
 44,  964188,      62781,         619,              16,             2,       17408,       24, No             , Own          ,       0
 64,  921937,     553768,         805,               7,             4,       29786,       36, No             , Own          ,       0
 55,  747362,      50000,         734,               6,             2,       33951,       36, No             , Own          ,       0
 45,  764590,     487315,         506,              10,             5,       31471,       48, Yes            , Rent         ,       1
 24,  760276,     709903,         630,               6,             3,       14526,       60, No             , Rent         ,       1
 61,  372394,      50000,         631,              23,             0,       12601,       60, No             , Rent         ,       1
 46,  187012,     398496,         742,              23,             4,       16533,       36, No             , Mortgage     ,       0
 43, 1216999,     289108,         694,               1,             2,       20342,       12, No             , Own          ,       0
 36,  840490,     713026,         627,              18,             4,       18389,       60, No             , Own          ,       0
 51,  351075,     366062,         632,              13,             0,       27727,       84, No             , Rent         ,       1
 49, 1082338,     412125,         493,              17,             2,       33924,       36, No             , Rent         ,       0
 63,  212176,     467256,         750,               5,             4,       31081,       36, No             , Rent         ,       1
 52, 1042187,     206897,         513,              24,             2,       12379,       36, No             , Mortgage     ,       0
 51,  720344,      50000,         669,              27,             2,       38198,       36, No             , Mortgage     ,       1
 51,  727429,      81888,         733,               7,             0,       17262,       60, No             , Own          ,       0
 53, 1203601,     607993,         663,              29,             0,       17888,       60, Yes            , Rent         ,       0
 25,  222244,    1023924,         551,               7,             1,       18744,       48, No             , Rent         ,       1
 60, 1028886,     924495,         606,              25,             3,       43644,       84, No             , Rent         ,       0
 53,  962158,     759995,         661,              21,             0,       16167,       48, No             , Rent         ,       0
 60,  818440,     348813,         715,              18,             5,       38598,       36, No             , Mortgage     ,       1
 24,  944718,     565335,         742,               6,             4,       25526,       84, No             , Own          ,       0
 23,  718149,     707655,         557,               5,             3,       30203,       48, Yes            , Mortgage     ,       1
 57, 1184706,     231312,         494,               9,             1,       17222,       60, No             , Own          ,       0
 21,  905583,     396655,         694,               3,             1,       28054,       36, No             , Mortgage     ,       1
 56,  305278,     573333,         627,              28,             1,        6898,       60, No             , Mortgage     ,       0
 34,  539835,     459390,         806,              16,             4,       32837,       12, No             , Rent         ,       0
 21,  791878,     555907,         666,               3,             3,       27826,       60, No             , Rent         ,       0
 54,  150000,     493399,         727,              22,             3,       10206,       36, Yes            , Own          ,       0
 25, 1161754,    1091997,         585,               7,             2,        7810,       60, No             , Rent         ,       0
 59,  335397,    1145544,         576,              18,             4,       38466,       60, No             , Rent         ,       0
 31, 1661599,     883785,         772,              13,             5,       52120,       12, No             , Mortgage     ,       0
 44,  852002,     947118,         830,              17,             0,       14035,       84, No             , Own          ,       0
 44,  781082,     422625,         635,              15,             0,       18486,       60, No             , Mortgage     ,       0
 38, 1138237,      50000,         715,              11,             3,       16583,       24, No             , Rent         ,       0
 32,  406535,     844786,         605,              14,             4,       25631,       60, No             , Rent         ,       1
 63,  930527,     701562,         761,               7,             1,        3806,       48, Yes            , Rent         ,       0
 30,  257508,      50000,         705,               6,             2,       29529,       36, No             , Rent         ,       0
 35,  807858,     785185,         772,              17,             4,       25866,       24, No             , Mortgage     ,       0
 52,  680543,     553653,         715,              29,             4,       42601,       24, No             , Own          ,       0
 27,  494593,     709926,         761,               9,             3,       41360,       12, No             , Mortgage     ,       0
 54,  645844,     849115,         651,               4,             0,       14211,       12, No             , Own          ,       0
 57,  729138,     776208,         694,              24,             2,       24376,       36, No             , Rent         ,       0
 65, 1238916,     970545,         635,               0,             5,       29404,       60, No             , Own          ,       1
 39, 1379920,     740005,         713,              21,             1,       47131,       36, No             , Mortgage     ,       0
 59, 1687087,     813509,         665,              14,             1,       20401,       48, No             , Mortgage     ,       0
 61,  892676,      50000,         666,              15,             1,        9933,       12, No             , Rent         ,       0
 39,  150000,      50000,         645,              16,             5,       25360,       60, No             , Rent         ,       0
 22,  175885,     213479,         617,               4,             1,       24247,       48, No             , Rent         ,       0
 32,  444549,     619405,         698,              12,             1,       19384,       36, No             , Own          ,       0
 23,  588208,     234099,         643,               5,             3,       17281,       48, Yes            , Mortgage     ,       1
 29,  802055,     852838,         587,              11,             3,       29466,       36, No             , Own          ,       0
 30, 1087503,      50000,         696,              11,             5,       15838,       48, No             , Rent         ,       0
 38,  444911,     392649,         655,              10,             3,       16592,       36, No             , Mortgage     ,       0
 65,  542072,     251109,         656,              28,             4,       28083,       12, Yes            , Own          ,       0
 62, 1048432,      50000,         753,               7,             1,       15002,       60, No             , Mortgage     ,       0
 21, 1306946,      50000,         827,               3,             5,       19264,       36, Yes            , Rent         ,       1
 23,  498274,     641157,         638,               5,             4,       30768,       24, No             , Mortgage     ,       0
 48,  464971,     550605,         524,              19,             5,       28871,       84, No             , Mortgage     ,       1
 30,  515158,      50000,         721,               5,             2,       29334,       48, No             , Own          ,       0
 62,  774924,     613156,         706,              27,             4,       43947,       60, No             , Mortgage     ,       0
 28,  529571,     413002,         673,               0,             2,       19270,       36, No             , Rent         ,       0
 57,  843608,     470631,         555,              30,             4,       42394,       48, No             , Rent         ,       1
 57,  681221,      97232,         651,              25,             1,       23431,       12, No             , Own          ,       0
 22,  714028,     296356,         588,               4,             3,       28783,       12, No             , Rent         ,       0
 54,  222062,     243999,         694,              26,             0,        3187,       48, No             , Mortgage     ,       0
 55,  743401,     573970,         507,               1,             0,       32108,       48, Yes            , Own          ,       1
 59,  658373,     786444,         636,              14,             5,       46561,       60, No             , Rent         ,       0
 42,  476588,     362765,         726,              14,             3,       15380,       24, No             , Own          ,       0
 43,  272581,    1048419,         632,              25,             3,       15214,       36, Yes            , Mortgage     ,       1
 34,  847017,     581537,         667,              16,             4,       39693,       36, No             , Mortgage     ,       0
 32,  602793,     322717,         826,              14,             4,       36554,       60, No             , Rent         ,       0
 37,  851806,     925990,         401,               8,             0,       12095,       60, No             , Rent         ,       1
 42, 1272386,     830869,         823,               3,             1,        7560,       36, No             , Own          ,       0
 57,  289903,     908947,         576,               4,             0,       25800,       36, Yes            , Own          ,       1
 61,  716922,     416495,         700,              26,             1,       32655,       60, No             , Rent         ,       0
 51,  670586,     890110,         774,              12,             2,       19448,       60, No             , Own          ,       0
 52, 1298643,     417516,         647,               0,             0,       16841,       60, No             , Rent         ,       1
 30,  754150,      50000,         674,               5,             5,       59366,       36, No             , Mortgage     ,       1
 48,  400327,     620069,         655,              26,             2,       27030,       84, Yes            , Own          ,       0
 39,  481023,     313516,         757,              14,             5,       43869,       24, No             , Rent         ,       0
 28, 1139777,     193119,         626,               1,             5,       36935,       36, Yes            , Own          ,       1
 28, 1601283,     336396,         745,               8,             1,       12280,       36, No             , Rent         ,       0
 63,  875613,      50000,         637,               5,             2,       14577,       60, No             , Rent         ,       0
 29,  891991,     694303,         850,               9,             5,       30110,       84, Yes            , Rent         ,       0
 65, 1042425,     667866,         769,               0,             3,       43574,       12, No             , Mortgage     ,       0
 22, 1071600,     326135,         622,               4,             2,       23858,       84, No             , Own          ,       0
 60,  449554,     546550,         769,              22,             1,        4288,       36, No             , Rent         ,       0
 36,  509006,     409408,         771,              18,             3,       39120,       60, No             , Mortgage     ,       0
 25,  900966,     251405,         746,               7,             1,        2878,       36, No             , Rent         ,       1
 57, 1132596,     895662,         591,               9,             3,       38213,       36, No             , Mortgage     ,       1
 56,  346204,     733874,         668,              18,             2,       21041,       24, No             , Rent         ,       1
 37,  696627,     588920,         727,              16,             0,       17717,       60, Yes            , Rent         ,       0
 57,  650704,     287182,         717,               3,             5,       51778,       84, No             , Own          ,       0
 63, 1251409,     592340,         541,              14,             2,       18349,       60, No             , Rent         ,       0
 54,  937104,     405485,         666,              17,             4,       55862,       60, No             , Mortgage     ,       0
 63,  652335,     471830,         504,              23,             2,       18300,       36, No             , Rent         ,       1
 21,  757973,     484647,         637,               3,             5,       23075,       48, No             , Mortgage     ,       0
 61,  581654,     429850,         818,              18,             1,       11271,       60, No             , Rent         ,       0
 51, 1258446,     626911,         850,               0,             2,       19311,       24, No             , Own          ,       0
 53,  571298,     667468,         658,              23,             0,       16364,       36, No             , Own          ,       0
 56,  830032,     504635,         550,              19,             4,       34014,       12, Yes            , Mortgage     ,       1
 21,  316568,     588612,         690,               3,             5,       26703,       24, No             , Rent         ,       1
 42,  673116,      50000,         624,              24,             2,       18067,       12, No             , Rent         ,       0
 35,  255555,     229235,         721,               5,             0,       12137,       60, Yes            , Own          ,       0
 37,  683552,     894815,         683,               7,             2,       21351,       24, No             , Mortgage     ,       0
 37, 1217152,    1079536,         696,              19,             1,       18244,       60, No             , Mortgage     ,       0
 52,  150000,     616820,         618,              14,             4,       21404,       36, No             , Own          ,       0
 59, 1601527,      50000,         679,              25,             5,       34712,       48, No             , Rent         ,       0
 34,  150000,     636100,         600,              10,             2,       20387,       24, No             , Rent         ,       1
 42, 1295538,     392131,         706,              13,             0,       14702,       36, No             , Rent         ,       0
 62, 1010696,     704661,         825,              23,             4,       40229,       36, No             , Rent         ,       0
 46,  367095,     324130,         638,              23,             4,       15598,       60, No             , Rent         ,       0
 45,  578489,     270247,         850,               5,             1,       12810,       12, No             , Rent         ,       0
 41, 1365861,     405649,         850,              23,             5,       20986,       24, No             , Own          ,       0
 23,  544941,    1123084,         741,               2,             5,       41171,       24, No             , Mortgage     ,       1
 44,  268400,     791595,         550,              23,             5,       35303,       24, No             , Own          ,       0
 21,  933957,     881554,         710,               3,             3,       21403,       48, No             , Rent         ,       0
 34, 1349768,      50000,         823,              16,             4,       37655,       36, No             , Mortgage     ,       0
 34,  787731,     786325,         453,              16,             0,           0,       48, No             , Mortgage     ,       1
 21,  223668,     251782,         729,               3,             1,        4162,       36, No             , Mortgage     ,       0
 34,  407252,     440288,         582,               3,             1,       11618,       48, No             , Rent         ,       0
 48,  935334,     545591,         636,               7,             4,       27975,       36, Yes            , Mortgage     ,       0
 58,  668793,     386624,         641,              23,             4,       21069,       84, No             , Rent         ,       0
 52,  493730,     786900,         678,              23,             1,       22624,       48, No             , Own          ,       0
 33,  714444,     656080,         551,              15,             0,           0,       48, Yes            , Rent         ,       0
 24,  845706,     242834,         707,               6,             0,        8932,       60, No             , Rent         ,       0
 42,  150000,      94300,         408,               3,             0,       11006,       36, No             , Own          ,       1
 62,  347972,     794728,         571,               5,             4,       31078,       12, No             , Rent         ,       0
 22, 1096271,     473331,         721,               4,             2,        3411,       36, No             , Rent         ,       0
 28,  530342,     501070,         692,              10,             3,        6731,       60, No             , Rent         ,       0
 48,  229203,     893905,         483,              30,             1,        2987,       36, No             , Mortgage     ,       0
 39,  316609,    1121038,         759,               9,             0,       13724,       36, No             , Own          ,       0
 23,  982303,     528629,         615,               4,             1,       23242,       84, No             , Own          ,       1
 58,  883260,     988525,         740,              30,             3,       10741,       24, No             , Rent         ,       0
 52, 1300036,     713363,         633,              26,             2,       12323,       60, Yes            , Mortgage     ,       0
 54, 1115853,     779848,         617,              21,             4,       38218,       60, No             , Rent         ,       0
 45,  941091,     865686,         834,               7,             3,       28017,       84, No             , Rent         ,       1
 21, 1211667,     841758,         792,               3,             4,       19624,       60, No             , Rent         ,       0
 28,  574443,     600864,         699,               4,             1,       26810,       60, No             , Mortgage     ,       0
 27,  897575,     637518,         805,               9,             4,       42254,       36, No             , Rent         ,       0
 44,  349014,     470459,         616,              13,             3,       20326,       36, No             , Mortgage     ,       0
 27,  730913,     173373,         578,               9,             0,       25069,       36, No             , Rent         ,       0
 22,  150000,     311204,         544,               4,             5,       44154,       36, No             , Rent         ,       1
 28, 1107583,     692125,         493,              10,             0,       20578,       48, No             , Own          ,       0
 53, 1158276,     451292,         735,               4,             2,       13140,       12, No             , Mortgage     ,       0
 33,  990667,     439923,         685,              13,             4,       39738,       36, Yes            , Rent         ,       0
 46,  570817,     335049,         634,               9,             5,       33904,       36, No             , Mortgage     ,       0
 54, 1251333,      65243,         691,              25,             3,       38001,       12, No             , Rent         ,       0
 26,  576697,     467152,         850,               8,             3,       27753,       84, No             , Mortgage     ,       0
 46,  817021,    1258649,         653,              27,             2,       12278,       36, No             , Rent         ,       0
 46,  755944,     205219,         538,              16,             5,       39536,       48, No             , Rent         ,       1
 24, 1420899,     354899,         668,               3,             5,       41387,       60, No             , Own          ,       0
 64,  827127,     453697,         604,              23,             2,       22494,       24, No             , Own          ,       0
 62, 1110952,      50000,         754,              26,             5,       54229,       60, No             , Rent         ,       0
 28,  431598,     870478,         769,               0,             4,       21541,       84, No             , Rent         ,       0
 46,  671603,    1071097,         715,              25,             4,       31260,       36, No             , Rent         ,       0
 28, 1316694,      50000,         564,              10,             3,       26819,       60, No             , Mortgage     ,       1
 41, 1062602,     477226,         618,               7,             2,       27205,       36, No             , Mortgage     ,       0
 59,  606553,     730366,         704,              26,             5,       26506,       84, Yes            , Mortgage     ,       1
 51,  542378,     795761,         850,              20,             1,        7889,       60, No             , Own          ,       0
 37,  942433,     714163,         605,              19,             2,       17509,       36, Yes            , Rent         ,       0
 44, 1505138,     381243,         674,              10,             4,       34017,       48, No             , Mortgage     ,       0
 35,  690763,    1172985,         786,              13,             2,       27191,       24, No             , Rent         ,       0
 25,  320223,    1143917,         764,               7,             0,       11107,       60, No             , Mortgage     ,       0
 58,  304899,     882986,         795,              17,             4,       34122,       48, No             , Rent         ,       1
 63,  232621,     346351,         645,               1,             2,       35768,       24, No             , Rent         ,       0
 38, 1024155,     298075,         850,               8,             3,       21654,       60, No             , Mortgage     ,       0
 43,  447394,      50000,         714,               2,             3,       27795,       36, No             , Rent         ,       1
 30,  821043,    1181645,         535,               8,             2,       21439,       84, Yes            , Mortgage     ,       1
 34, 1467820,      50000,         690,              16,             1,           0,       48, No             , Own          ,       0
 34, 1236404,    1096625,         682,              16,             4,       30877,       24, Yes            , Own          ,       0
 62,  654747,     609064,         747,               9,             1,       24712,       48, No             , Rent         ,       0
 26, 1073726,     341448,         763,               8,             4,       30521,       12, No             , Own          ,       0
 52,  975082,      50000,         816,              17,             5,       42404,       48, No             , Mortgage     ,       0
 55,  392357,     906017,         759,              26,             2,       23415,       84, No             , Rent         ,       0
 25,  567672,      50000,         783,               7,             4,       31695,       36, No             , Own          ,       0
 55, 1224630,     756873,         772,              13,             1,       18754,       36, No             , Mortgage     ,       0
 31,  877549,     492819,         559,              13,             4,       37930,       36, No             , Rent         ,       1
 31, 1490286,     630377,         594,              13,             0,           0,       36, No             , Rent         ,       0
 63,  610759,     497903,         611,              29,             5,       37103,       36, No             , Own          ,       0
 47,  199045,     738939,         842,              22,             5,       36609,       36, No             , Rent         ,       0
 36,  150000,     335595,         781,              18,             5,       40415,       36, No             , Rent         ,       0
 54,  810091,     148148,         656,              15,             1,       31671,       84, Yes            , Mortgage     ,       1
 35,  859384,     428654,         723,              14,             4,       19219,       60, No             , Mortgage     ,       0
 60,  649645,      50000,         815,               8,             1,       19112,       60, Yes            , Own          ,       1
 43,  767209,     299847,         446,               0,             3,       27478,       60, No             , Own          ,       0
 64,  552945,     212170,         647,               5,             3,       40084,       84, No             , Mortgage     ,       0
 38,  290852,      56412,         695,               0,             3,       33615,       36, No             , Mortgage     ,       0
 54,  761638,     119884,         613,              12,             5,       29325,       24, No             , Mortgage     ,       1
 33, 1358942,     544927,         613,              15,             0,       19825,       36, No             , Mortgage     ,       0
 25, 1340354,     971755,         738,               7,             0,           0,       60, No             , Rent         ,       0
 33,  150000,     794251,         628,              15,             0,       16331,       48, No             , Rent         ,       1
 33,  263435,     417495,         607,              12,             1,        8649,       36, No             , Rent         ,       1
 62,  597637,     975617,         838,              26,             0,        6863,       60, Yes            , Rent         ,       0
 59,  916542,    1145336,         784,              10,             2,       20831,       36, No             , Own          ,       0
 59,  749079,     339118,         530,              12,             5,       47623,       36, No             , Own          ,       1
 56,  409163,     673519,         588,               7,             1,       13639,       36, No             , Rent         ,       0
 38,  507405,     187098,         738,              15,             1,        4607,       36, No             , Rent         ,       0
 47, 1321921,     291506,         616,               7,             2,       14525,       60, No             , Rent         ,       0
 64,  920389,     573380,         816,               5,             4,       25664,       36, No             , Rent         ,       0
 62,  253555,      50000,         716,               9,             0,       22812,       36, No             , Rent         ,       1
 64, 1265279,     613288,         523,              25,             4,       38041,       60, No             , Mortgage     ,       0
 31,  884431,     566987,         539,              13,             3,       29395,       60, No             , Rent         ,       0
 54,  925203,     353258,         682,              30,             5,       36526,       60, No             , Own          ,       0
 63,  649465,      50000,         592,              19,             3,        6274,       36, No             , Own          ,       1
 46,  785897,     646084,         670,               2,             1,       11432,       60, No             , Mortgage     ,       0
 21,  220045,     759885,         683,               3,             1,        9433,       48, No             , Rent         ,       0
 48,  538198,     367062,         685,              20,             3,       32796,       48, No             , Rent         ,       0
 49,  954371,     432777,         615,               9,             5,       32209,       48, No             , Rent         ,       0
 30,  383754,     920200,         482,              12,             1,       24512,       60, No             , Own          ,       1
 35,  554440,    1100226,         704,               2,             4,       33421,       60, No             , Rent         ,       1
 54,  791817,     265651,         661,              16,             4,       17620,       60, No             , Mortgage     ,       0
 55,  550208,     185266,         625,              29,             5,       12351,       48, Yes            , Rent         ,       1
 31,  767620,     649030,         850,              13,             0,       17755,       60, No             , Rent         ,       0
 63,  150000,      50000,         683,              10,             4,       35049,       36, No             , Mortgage     ,       0
 62, 1081627,    1121486,         666,              30,             1,       20709,       60, No             , Rent         ,       1
 37, 1118797,     342633,         759,               6,             5,       30230,       48, No             , Rent         ,       0
 27, 1410844,     675010,         590,               8,             1,       14801,       60, No             , Mortgage     ,       0
 38,  437073,     753262,         725,              20,             5,       44392,       24, No             , Rent         ,       1
 36,  844063,     371750,         528,               7,             2,       26386,       36, No             , Rent         ,       0
 48,  785059,     790070,         580,              30,             3,       33858,       60, Yes            , Own          ,       1
 61,  530683,     841267,         653,              22,             4,       48599,       36, No             , Rent         ,       1
 55,  655967,     848884,         650,              30,             3,       16216,       36, No             , Own          ,       0
 22,  215221,     137854,         681,               4,             5,       29577,       24, No             , Rent         ,       0
 22,  227004,     424238,         502,               4,             0,       20776,       84, No             , Rent         ,       1
 42,  694964,     378899,         537,              17,             1,       32939,       36, No             , Mortgage     ,       0
 35, 1074833,     383685,         585,               8,             1,       25181,       60, No             , Rent         ,       0
 57,  499858,     322543,         497,              28,             4,       38305,       60, No             , Rent         ,       0
 38,  150000,     902133,         850,               8,             5,       28253,       60, No             , Own          ,       0
 51,  871399,      50000,         625,              23,             5,       55096,       24, No             , Mortgage     ,       0
 26,  455118,     544686,         842,               8,             2,       34319,       84, No             , Rent         ,       0
 65,  150000,      50000,         671,              19,             1,       16314,       24, No             , Mortgage     ,       0
 32,  990830,      50000,         630,              14,             5,       38387,       60, No             , Rent         ,       0
 43,  447893,    1522000,         659,               5,             4,       35692,       60, No             , Rent         ,       0
 30, 1161200,     801159,         642,              12,             4,       39969,       24, No             , Rent         ,       0
 36,  743194,     624900,         739,              18,             1,       15825,       60, Yes            , Rent         ,       0
 28, 1055282,      61718,         807,              10,             4,       22521,       48, No             , Own          ,       0
 57,  278454,     502229,         750,               6,             2,       19838,       48, No             , Rent         ,       1
 49,  686426,      50000,         571,               5,             4,       41981,       48, No             , Rent         ,       0
 61,  929345,    1305407,         617,               3,             5,       33398,       60, No             , Own          ,       1
 38,  739782,     672730,         850,              15,             1,       14421,       60, No             , Rent         ,       0
 36,  740370,     563589,         772,               9,             2,       35970,       36, No             , Own          ,       0
 54,  150000,     520567,         771,              27,             4,       26897,       24, No             , Mortgage     ,       1
 46,  341563,     507298,         594,              20,             2,       27759,       12, No             , Rent         ,       0
 37,  851848,     536268,         646,              16,             2,       26382,       60, No             , Rent         ,       0
 50,  627402,     231037,         759,              12,             1,       16298,       48, No             , Mortgage     ,       0
 48,  597064,     973374,         647,               4,             3,       27524,       60, No             , Rent         ,       1
 48, 1207912,     491428,         802,              28,             4,       48152,       12, No             , Mortgage     ,       0
 38,  400165,     883228,         525,              20,             2,        6318,       60, No             , Own          ,       1
 65,  783624,      59053,         613,              20,             3,       29664,       36, No             , Rent         ,       0
 52,  582202,     673592,         674,               8,             2,       24671,       36, No             , Mortgage     ,       1
 65, 1220485,    1081933,         805,              16,             5,       47705,       36, No             , Rent         ,       0
 55, 1120085,     526383,         699,              21,             4,       37800,       60, No             , Rent         ,       0
 59,  567709,     993785,         794,              26,             1,        2460,       36, No             , Rent         ,       0
 63,  616068,     785001,         711,              25,             2,       23967,       36, Yes            , Own          ,       1
 36,  740579,     517850,         731,              18,             2,       16975,       36, No             , Mortgage     ,       0
 58,  928432,     513007,         833,               5,             2,       25995,       60, No             , Rent         ,       0
 29,  150000,    1001093,         744,              11,             4,       33823,       36, Yes            , Mortgage     ,       0
 59, 1362674,     792195,         647,              25,             5,       38838,       12, Yes            , Rent         ,       1
 41,  956118,     790477,         523,              18,             2,       24792,       36, No             , Mortgage     ,       0
 22,  953222,     815341,         679,               4,             0,       11469,       24, Yes            , Own          ,       0
 42,  779084,     695847,         683,               5,             2,       15091,       48, No             , Mortgage     ,       0
 37,  938873,     591033,         788,              19,             4,       41748,       84, No             , Rent         ,       0
 55,  424460,     469596,         571,              28,             0,        8952,       48, No             , Own          ,       1
 51,  364635,     687090,         574,               3,             0,           0,       24, No             , Rent         ,       1
 58,  786766,     825206,         545,              10,             0,       13582,       12, No             , Rent         ,       1
 48,  664428,     326181,         630,              29,             0,       10466,       24, No             , Rent         ,       0
 40, 1503707,     908053,         761,              22,             3,       26605,       36, No             , Own          ,       0
 36,  316021,     773614,         721,               4,             4,       46212,       60, No             , Rent         ,       0
 29,  749303,     392113,         641,              11,             5,       34463,       60, No             , Mortgage     ,       0
 24, 1057695,      50000,         589,               6,             1,       22363,       60, No             , Own          ,       1
 54, 1142596,      50000,         662,              25,             2,       19650,       12, Yes            , Rent         ,       1
 37, 1101804,     367410,         602,               7,             0,       20033,       48, No             , Own          ,       0
 65, 1081251,     728218,         632,              18,             4,       22706,       36, No             , Mortgage     ,       0
 64,  452521,     176791,         780,              20,             5,       35684,       60, Yes            , Own          ,       0
 53,  244858,     196150,         809,              11,             0,       36000,       60, No             , Rent         ,       0
 24,  566614,      50000,         662,               6,             4,       49962,       24, Yes            , Mortgage     ,       1
 45,  860925,     672637,         660,              13,             2,       41300,       36, No             , Mortgage     ,       0
 43,  469524,     441181,         708,              24,             4,       30627,       60, No             , Own          ,       0
 30,  613555,    1090487,         611,              12,             3,       30118,       36, No             , Rent         ,       1
 34,  150000,     124274,         536,               9,             3,       39459,       12, Yes            , Rent         ,       1
 49,  954930,     407117,         643,              20,             0,        9561,       48, No             , Rent         ,       0
 54,  150000,     476379,         664,              24,             3,       45451,       60, No             , Mortgage     ,       0
 55,  480349,    1555213,         640,              27,             5,       35280,       24, No             , Own          ,       1
 55,  728751,     441475,         711,               1,             4,       40606,       60, Yes            , Rent         ,       1
 31,  630787,      50000,         666,              11,             5,       41515,       60, No             , Mortgage     ,       0
 62, 1225456,     408480,         481,              16,             1,       12392,       48, No             , Rent         ,       0
 54,  882075,     801502,         730,               8,             0,       23780,       36, No             , Mortgage     ,       0
 51,  382128,     477958,         833,              23,             3,       18346,       60, No             , Mortgage     ,       0
 57,  744488,     961189,         692,               5,             3,       28777,       60, No             , Rent         ,       0
 41, 1362690,     720797,         590,              23,             4,       32013,       48, No             , Mortgage     ,       1
 57, 1141581,     430329,         766,              10,             4,       35875,       60, No             , Own          ,       0
 21,  656962,      50000,         769,               3,             0,        5994,       36, Yes            , Mortgage     ,       0
 39,  908372,     717345,         479,               6,             2,       14348,       48, No             , Own          ,       0
 63,  868112,    1043970,         728,               0,             4,       38216,       36, Yes            , Own          ,       1
 46, 1111745,     548513,         576,               6,             0,       17618,       48, No             , Own          ,       0
 38, 1027890,     472949,         647,              20,             4,       42245,       36, No             , Mortgage     ,       0
 50, 1243910,      50000,         688,               5,             2,       19591,       84, No             , Own          ,       0
 57,  473089,     229542,         639,              18,             4,       25175,       60, No             , Rent         ,       0
 38,  640399,      50000,         771,               0,             5,       43594,       36, No             , Rent         ,       0
 50, 1026071,      80050,         655,               9,             5,       32631,       84, No             , Own          ,       0
 57,  654491,     759418,         627,              12,             3,       41490,       60, Yes            , Own          ,       1
 44,  403223,     538795,         573,              16,             1,       23648,       84, No             , Rent         ,       1
 49,  661743,      64850,         649,              30,             2,       19856,       60, Yes            , Mortgage     ,       1
 50,  794295,     686311,         675,              24,             1,       11116,       36, Yes            , Rent         ,       0
 64,  199714,     718056,         635,              19,             4,       33013,       36, No             , Rent         ,       1
 30, 1290535,     719305,         610,               6,             0,           0,       60, No             , Mortgage     ,       0
 57,  947934,     763777,         636,              27,             0,        8609,       48, No             , Rent         ,       1
 48, 1177553,     714747,         565,              14,             3,       27334,       60, Yes            , Rent         ,       0
 65,  459996,      50000,         674,              16,             2,       12544,       36, No             , Own          ,       0
 32,  150000,     237575,         677,              14,             1,       23614,       60, No             , Rent         ,       1
 46,  546455,      50000,         705,              16,             0,       25686,       24, No             , Mortgage     ,       1
 60,  909336,     222624,         809,              28,             4,       39227,       36, No             , Rent         ,       0
 65, 1257021,     833492,         563,               9,             2,       28275,       60, No             , Rent         ,       0
 45,  876406,     464738,         821,               3,             2,       30131,       60, No             , Rent         ,       0
 65,  717517,     641370,         605,               0,             1,       37361,       48, No             , Rent         ,       0
 23,  651136,     891275,         628,               1,             5,       40162,       36, No             , Mortgage     ,       0
 36,  846265,     234035,         746,              18,             1,       14948,       36, Yes            , Rent         ,       0
 50,  635819,     415144,         686,               4,             0,        6585,       60, No             , Rent         ,       0
 21, 1046240,     294737,         635,               3,             2,        7351,       36, Yes            , Mortgage     ,       0
 63,  543749,     733575,         637,               6,             5,       41932,       60, No             , Mortgage     ,       0
 42,  777091,     666392,         548,              12,             2,       17797,       60, No             , Rent         ,       0
 51,  514626,     663285,         592,               1,             1,       19222,       36, Yes            , Rent         ,       1
 28,  387304,     713646,         599,               7,             4,       34103,       36, No             , Rent         ,       0
 48,  400944,     618899,         766,               3,             0,           0,       24, No             , Mortgage     ,       0
 60,  167047,     679604,         649,              11,             2,       23139,       84, No             , Mortgage     ,       1
 29,  991243,    1061516,         725,              11,             0,       11046,       60, No             , Mortgage     ,       0
 29, 1171249,     684203,         676,              11,             5,       34585,       48, No             , Rent         ,       0
 34,  229934,     618895,         638,              16,             2,       11587,       60, No             , Own          ,       1
 48,  532502,     725862,         684,              16,             5,       30210,       36, No             , Rent         ,       1
 52,  935089,     414931,         682,              14,             1,       21473,       60, No             , Mortgage     ,       0
 27,  318328,     810225,         665,               9,             4,       32195,       60, No             , Own          ,       1
 63,  559314,      50000,         696,               1,             4,       38252,       48, No             , Own          ,       0
 58,  903853,     579343,         652,              17,             1,        6936,       60, Yes            , Mortgage     ,       0
 43,  818733,     902041,         673,              23,             5,       31171,       60, No             , Rent         ,       0
 59,  172519,    1010443,         550,               1,             1,        8889,       24, Yes            , Own          ,       1
 47, 1294951,     493312,         502,              12,             4,       50964,       48, No             , Mortgage     ,       1
 39, 1036930,     707695,         700,              16,             4,       33219,       36, No             , Own          ,       0
 32,  999926,     606785,         688,               9,             1,       26572,       48, No             , Mortgage     ,       0
 44,  663016,      50000,         607,              13,             4,       24899,       60, Yes            , Mortgage     ,       1
 45,  725312,     684813,         485,              20,             5,       33515,       36, No             , Rent         ,       1
 46,  898975,      77442,         609,               8,             5,       29362,       84, No             , Rent         ,       1
 40,  954692,     374814,         567,              18,             2,       18494,       36, No             , Rent         ,       1
 38,  811599,     282084,         484,              20,             0,       14262,       60, No             , Own          ,       0
 43,  945997,     249783,         595,              22,             2,       31687,       60, No             , Own          ,       0
 52,  497863,      50000,         813,               6,             2,       26855,       60, No             , Own          ,       0
 60,  150000,     362348,         765,              24,             5,       28752,       60, No             , Own          ,       0
 40,  284314,     316620,         610,              10,             3,       45147,       48, No             , Own          ,       1
 52,  958929,     141044,         625,               2,             2,       33539,       84, Yes            , Own          ,       1
 28,  484450,    1025430,         536,              10,             0,         366,       36, No             , Rent         ,       0
 36,  711976,     105090,         774,               3,             1,       21542,       24, No             , Rent         ,       0
 32,  394296,    1272784,         514,               3,             1,        4212,       48, No             , Rent         ,       1
 43, 1232358,     613628,         636,              10,             5,       38355,       36, No             , Rent         ,       0
 35,  706357,    1198527,         674,              15,             1,       17651,       60, No             , Own          ,       0
 37,  701865,      50000,         613,              19,             0,        1981,       84, Yes            , Own          ,       1
 62, 1268910,     549540,         850,              15,             3,       32150,       60, No             , Mortgage     ,       0
 35,  923135,     613561,         662,               6,             4,       32612,       84, No             , Rent         ,       0
 44,  409590,    1029472,         752,              16,             5,       37786,       60, No             , Mortgage     ,       1
 44,  650266,     904956,         631,              23,             5,       59613,       24, No             , Rent         ,       1
 49,  888708,     366101,         770,              17,             5,       36732,       36, No             , Mortgage     ,       0
 40,  361229,     118927,         676,              22,             4,       36209,       36, No             , Rent         ,       0
 53,  518426,     184970,         657,              12,             2,       28243,       24, No             , Rent         ,       0
 24,  703862,     721702,         793,               6,             1,       27065,       84, No             , Mortgage     ,       0
 56,  964247,     290936,         815,               4,             4,       39643,       48, Yes            , Mortgage     ,       0
 55,  569418,      50000,         775,               8,             1,       22814,       48, No             , Rent         ,       0
 43,  345237,     828541,         639,               2,             5,       51718,       60, No             , Rent         ,       0
 25,  497211,     956885,         684,               3,             1,       14163,       12, No             , Own          ,       0
 49,  449853,     338860,         650,               9,             2,       16944,       36, Yes            , Rent         ,       0
 33,  723070,      50000,         674,              15,             5,       53602,       24, No             , Mortgage     ,       1
 31,  150000,     663686,         728,               5,             4,       14030,       60, No             , Rent         ,       0
 32, 1229024,     646000,         673,              14,             4,       19706,       12, No             , Rent         ,       0
 62,  504608,     232459,         753,              21,             1,       21679,       36, Yes            , Own          ,       0
 29,  832906,     641179,         671,               6,             5,       29776,       24, No             , Mortgage     ,       0
 60,  155338,     457426,         759,              10,             3,       19246,       48, Yes            , Rent         ,       1
 55,  459610,     522294,         655,              25,             0,       11207,       60, No             , Rent         ,       1
 34, 1070452,     788862,         746,              11,             5,       39853,       24, Yes            , Mortgage     ,       1
 54,  863310,     432050,         680,              30,             5,       20070,       48, No             , Mortgage     ,       1
 61,  337838,     827496,         721,              15,             4,       29014,       36, No             , Mortgage     ,       0
 62,  815781,     220833,         726,              17,             1,       16091,       36, No             , Rent         ,       0
 23,  150000,     628735,         678,               5,             3,       31934,       48, No             , Rent         ,       1
 49,  150000,     719357,         699,               9,             2,        7939,       60, No             , Mortgage     ,       0
 35,  630386,     298775,         838,               2,             3,       19816,       48, No             , Rent         ,       0
 52,  712462,     451751,         722,              17,             0,       10031,       24, No             , Rent         ,       0
 57,  150000,      50000,         824,               8,             2,       32433,       36, Yes            , Rent         ,       0
 24,  341219,     460541,         440,               5,             5,       27118,       84, Yes            , Rent         ,       1
 31, 1028445,    1012588,         760,              13,             1,       22357,       48, No             , Own          ,       0
 48,  862238,     421088,         613,              28,             4,       39622,       36, No             , Rent         ,       1
 30,  961954,      50000,         595,              12,             2,       29143,       60, No             , Mortgage     ,       0
 30,  849917,     705754,         693,              12,             2,       21530,       60, No             , Own          ,       0
 64,  423589,     528266,         718,              13,             0,        6472,       36, No             , Rent         ,       0
 64, 1245808,     676061,         663,              13,             5,       45700,       60, No             , Rent         ,       0
 64,  252777,    1113363,         799,               7,             0,       11244,       60, Yes            , Own          ,       0
 33,  837807,     744060,         747,               5,             0,        2248,       60, No             , Mortgage     ,       0
 43,  562483,     653309,         662,              25,             0,       11225,       60, No             , Rent         ,       0
 30,  150000,      50000,         709,               7,             0,       22795,       48, No             , Mortgage     ,       1
 33,  621915,     533644,         589,              15,             1,        7897,       84, No             , Own          ,       0
 31,  474915,     568733,         616,              12,             5,       25344,       24, No             , Own          ,       1
 55, 1342276,     423236,         514,              21,             3,       31916,       60, No             , Rent         ,       1
 40,  394472,     353027,         756,              21,             5,       33254,       84, No             , Mortgage     ,       0
 35,  741429,     309059,         590,               4,             3,       29872,       48, No             , Rent         ,       0
 43,  427484,     226166,         645,              10,             4,       29839,       48, No             , Rent         ,       0
 43, 1617018,      50000,         850,               3,             3,       22221,       12, Yes            , Rent         ,       0
 28,  822153,     822161,         457,               7,             1,       20836,       60, No             , Own          ,       1
 50, 1449744,     145066,         749,               4,             3,       21386,       60, No             , Rent         ,       1
 30, 1543826,     864750,         625,              12,             5,       30096,       84, Yes            , Rent         ,       0
 29,  959421,      50000,         780,              11,             4,       29124,       60, No             , Rent         ,       0
 47,  786189,     251496,         704,               8,             5,       42677,       24, No             , Own          ,       0
 30,  879127,     638973,         699,              12,             5,       39112,       60, No             , Own          ,       0
 60,  289603,     433730,         677,              26,             4,       22993,       36, No             , Own          ,       0
 21,  896920,     547726,         734,               3,             1,       27865,       48, No             , Mortgage     ,       0
 51,  919829,     596662,         607,              27,             5,       45359,       36, No             , Own          ,       0
 33, 1598318,    1229717,         609,               1,             2,       25506,       36, Yes            , Mortgage     ,       0
 43,  505374,     133201,         623,              10,             4,       27049,       36, No             , Mortgage     ,       0
 63,  534796,     750894,         609,               7,             1,       20166,       36, No             , Mortgage     ,       1
 35,  458092,     477841,         802,               0,             2,       19993,       60, No             , Mortgage     ,       0
 34,  406963,     197921,         642,              13,             3,       11029,       60, No             , Rent         ,       0
 33,  519263,     745839,         765,               4,             1,       12589,       60, Yes            , Rent         ,       0
 57,  649585,     138238,         673,              18,             3,       29790,       12, Yes            , Rent         ,       0
 26, 1254064,      50000,         766,               4,             5,       37107,       36, No             , Rent         ,       1
 53,  540414,     521591,         705,              19,             3,       10836,       36, No             , Own          ,       0
 31,  581584,     442008,         740,               6,             1,        4613,       48, No             , Rent         ,       0
 55, 1294606,      81285,         564,              10,             1,       15953,       48, No             , Mortgage     ,       1
 37,  722282,     346606,         606,              15,             0,       10852,       36, No             , Own          ,       0
 50, 1168053,     171887,         824,              21,             2,       30093,       48, No             , Mortgage     ,       0
 49,  357836,     855588,         566,              14,             4,       31987,       24, No             , Own          ,       1
 51,  678185,     379250,         748,              15,             4,       41971,       60, No             , Own          ,       0
 62,  913490,    1367422,         762,              10,             5,       41354,       60, No             , Rent         ,       0
 58, 1087753,     803822,         751,              28,             4,       35464,       36, No             , Rent         ,       0
 41,  575193,    1099236,         850,              18,             2,       27288,       36, No             , Rent         ,       0
 40, 1040284,     311453,         657,              12,             5,       34306,       60, No             , Own          ,       0
 51,  836391,     549174,         605,              14,             5,       42046,       36, No             , Rent         ,       1
 32,  473852,     731287,         602,               6,             2,       21778,       36, No             , Mortgage     ,       1
 24,  799293,      50000,         680,               3,             4,       11812,       48, No             , Rent         ,       0
 22,  773060,     505209,         672,               4,             2,       31101,       36, No             , Mortgage     ,       0
 45,  516697,      50000,         670,              15,             4,       43858,       60, No             , Mortgage     ,       1
 39,  663754,     198627,         652,              10,             3,       17006,       84, No             , Rent         ,       0
 62,  150000,     706748,         637,              30,             4,       38843,       24, No             , Rent         ,       1
 22, 1095144,      50000,         756,               4,             4,       18394,       36, No             , Rent         ,       0
 60, 1342725,    1015209,         539,              23,             2,       35623,       60, No             , Own          ,       0
 60,  891156,     464986,         728,              26,             4,       21884,       12, No             , Rent         ,       0
 28,  229800,     575052,         710,              10,             5,       30988,       24, No             , Rent         ,       0
 44,  641008,     591008,         594,               7,             1,       11829,       24, No             , Own          ,       0
 62,  853035,     941368,         837,              13,             4,       14252,       60, Yes            , Rent         ,       0
 32,  861894,      50000,         573,              14,             0,        7683,       36, No             , Rent         ,       1
 31,  995925,     893342,         701,              13,             4,       15922,       36, Yes            , Mortgage     ,       1
 62,  150000,    1126733,         805,               2,             3,       21792,       48, No             , Rent         ,       0
 53,  580921,     627939,         778,              29,             5,       32844,       36, Yes            , Mortgage     ,       0
 59,  833407,     162349,         657,              25,             4,       32786,       12, Yes            , Rent         ,       1
 33, 1163507,     114570,         609,              15,             3,       38747,       12, No             , Own          ,       0
 64,  870359,     349331,         606,              20,             1,        7770,       60, No             , Mortgage     ,       0
 34,  626345,     961408,         778,              15,             0,        8808,       60, No             , Rent         ,       0
 33,  722813,     392275,         645,              15,             2,       25460,       48, Yes            , Rent         ,       1
 47,  504182,     259571,         552,              12,             3,       14932,       60, No             , Rent         ,       0
 65, 1218764,     124806,         751,               5,             4,       32501,       36, No             , Rent         ,       0
 33, 1042168,     819758,         559,              15,             5,       38597,       60, No             , Mortgage     ,       1
 57,  436641,     506096,         596,              10,             5,       45825,       36, No             , Rent         ,       1
 50,  864684,     157500,         752,              10,             1,       31559,       36, No             , Rent         ,       0
 39,  515668,     127152,         544,              21,             3,       24719,       36, No             , Rent         ,       1
 24,  577672,    1093550,         747,               6,             0,        5056,       36, No             , Own          ,       0
 29,  745615,      50000,         777,              11,             3,       36785,       36, No             , Rent         ,       0
 40,  855991,     630379,         629,               8,             0,       12339,       60, No             , Rent         ,       0
 51,  703275,     392020,         680,               1,             4,       32254,       60, No             , Rent         ,       0
 38,  731124,     766768,         632,              20,             4,       31555,       36, No             , Rent         ,       1
 53, 1280967,    1151998,         750,              30,             4,       29223,       36, No             , Mortgage     ,       0
 47,  640588,     947100,         596,              18,             0,       14244,       60, No             , Mortgage     ,       1
 24,  250015,     408214,         778,               6,             1,       12431,       36, No             , Rent         ,       0
 47,  774169,     405290,         593,              22,             1,       23213,       60, No             , Mortgage     ,       0
 21,  891463,     598828,         754,               3,             1,       24030,       12, No             , Mortgage     ,       0
 32,  903356,      50000,         680,              14,             1,       10352,       48, No             , Rent         ,       1
 37, 1043404,     907073,         610,              19,             3,       25167,       36, No             , Mortgage     ,       0
 29, 1291867,     627913,         678,              11,             0,        3607,       60, No             , Mortgage     ,       0
 56,  698326,    1411010,         744,               1,             0,        7051,       36, No             , Mortgage     ,       1
 45,  277908,     606227,         666,              20,             5,       27253,       36, No             , Rent         ,       0
 32,  261668,     407944,         520,              14,             1,       11666,       36, No             , Rent         ,       0
 64,  633712,      50000,         592,               9,             2,       30313,       36, No             , Mortgage     ,       1
 23,  999968,     749022,         515,               5,             2,       27233,       24, No             , Rent         ,       1
 28,  576203,     474326,         606,              10,             5,       61390,       60, No             , Own          ,       0
 38,  871171,     466787,         455,              13,             1,       11688,       36, Yes            , Own          ,       1
 35,  858659,     631185,         726,              17,             5,       18749,       60, No             , Mortgage     ,       0
 46,  150000,     242845,         850,               9,             2,       20039,       36, No             , Rent         ,       0
 51,  150000,      50000,         603,              28,             2,       20605,       36, No             , Rent         ,       0
 34, 1354799,     540168,         811,              16,             1,       18682,       24, No             , Rent         ,       0
 48,  153284,     569719,         774,              14,             2,       26695,       36, No             , Mortgage     ,       0
 61,  197601,     392451,         700,              26,             0,       15396,       24, Yes            , Own          ,       1
 43,  453084,      50000,         673,              10,             1,           0,       60, No             , Own          ,       0
 21,  477357,     538587,         656,               3,             1,       15719,       48, No             , Rent         ,       0
 52,  150000,     356128,         468,              16,             1,       23188,       36, No             , Rent         ,       1
 63,  570750,      50000,         495,              22,             0,       22583,       60, No             , Mortgage     ,       1
 27,  355310,     596812,         692,               0,             2,       14893,       36, No             , Own          ,       0
 49, 1187409,      50000,         687,              14,             1,       15168,       12, No             , Rent         ,       0
 48,  171813,     191560,         788,              20,             1,       10080,       24, No             , Own          ,       0
 42,  513209,     743966,         850,              24,             0,         919,       60, No             , Rent         ,       0
 42,  695660,     383871,         497,              24,             2,       13686,       12, No             , Mortgage     ,       1
 32,  768892,     160315,         697,              14,             3,       34014,       24, No             , Mortgage     ,       0
 53,  538124,     891306,         850,              28,             1,        7508,       60, No             , Rent         ,       0
 39, 1349829,     341296,         662,              19,             5,       37225,       60, No             , Rent         ,       0
 60,  378512,     782234,         848,              27,             1,       30370,       84, No             , Rent         ,       0
 24,  928657,     836758,         592,               6,             1,       10061,       36, No             , Rent         ,       0
 60,  460464,     161249,         732,               7,             0,       12070,       36, No             , Rent         ,       0
 45, 1102717,     712382,         564,              16,             4,       38566,       48, No             , Own          ,       0
 30, 1099859,     881484,         742,              12,             0,       17161,       60, No             , Mortgage     ,       0
 38, 1240673,     179664,         714,              20,             0,           0,       36, No             , Own          ,       0
 35,  563738,     695179,         591,              17,             3,       10456,       36, No             , Mortgage     ,       0
 52,  150000,     238486,         644,              12,             4,       39153,       60, No             , Own          ,       0
 53, 1200797,     584753,         644,              11,             1,       19361,       48, No             , Rent         ,       0
 52,  549065,     377312,         701,              26,             2,       11142,       60, No             , Own          ,       1
 54, 1004700,     588800,         850,               8,             5,       42356,       60, No             , Own          ,       0
 51,  387965,     259638,         655,              14,             4,       47373,       60, No             , Mortgage     ,       1
 37, 1076644,     613089,         818,              14,             0,        6183,       12, Yes            , Own          ,       0
 65,  464592,    1090030,         728,               3,             5,       35907,       84, Yes            , Rent         ,       1
 37,  681107,    1107043,         551,              11,             3,       22329,       36, No             , Own          ,       1
 64,  942989,     428724,         645,              23,             5,       45566,       48, No             , Rent         ,       1
 31,  207166,     753718,         520,              13,             1,       34607,       60, No             , Mortgage     ,       1
 22,  943620,      50000,         716,               3,             1,       17274,       36, No             , Rent         ,       0
 50,  674745,      50000,         757,              22,             3,       28480,       36, Yes            , Own          ,       0
 61,  323206,     204561,         641,              16,             4,       44886,       12, No             , Rent         ,       0
 36,  150000,     722730,         725,              18,             5,       36768,       48, No             , Own          ,       0
 43,  359796,     420476,         691,              25,             0,         365,       36, No             , Rent         ,       1
 53, 1505465,     869965,         687,              21,             1,       23673,       24, No             , Rent         ,       0
 26,  531880,     689375,         628,               8,             4,       42911,       60, No             , Own          ,       1
 31,  407538,     405198,         651,               8,             3,       30461,       48, Yes            , Own          ,       1
 55,  512108,     370569,         559,              20,             3,       17050,       24, No             , Rent         ,       0
 50,  492598,    1104764,         682,               5,             4,       33104,       48, No             , Rent         ,       0
 26, 1372527,     187933,         771,               8,             5,       40294,       84, No             , Rent         ,       0
 33,  668004,     634197,         643,              11,             1,           0,       36, No             , Rent         ,       0
 38,  401482,      95685,         572,               7,             4,       28530,       60, No             , Rent         ,       0
 50,  730670,     341469,         711,              17,             3,       24408,       60, No             , Mortgage     ,       0
 29,  518739,      50000,         496,               5,             2,        9151,       48, No             , Mortgage     ,       0
 52, 1355111,     529132,         638,              11,             4,       22424,       60, No             , Rent         ,       0
 45,  461184,     711900,         767,              23,             5,       40937,       48, Yes            , Rent         ,       0
 36,  366608,     306583,         596,              18,             0,        3217,       60, No             , Rent         ,       0
 64,  988150,    1040287,         692,              26,             5,       43701,       48, No             , Mortgage     ,       0
 59,  890217,     599148,         662,              13,             2,       29885,       36, No             , Mortgage     ,       0
 48,  469551,     245733,         636,               8,             1,       16886,       60, No             , Rent         ,       0
 35,  497875,     114112,         643,              17,             3,       17163,       24, No             , Mortgage     ,       0
 53, 1268759,     960059,         791,              19,             5,       37913,       60, No             , Own          ,       0
 25, 1392192,     602708,         585,               7,             5,       24464,       60, No             , Own          ,       0
 52,  352837,    1040964,         842,               8,             0,       29430,       60, Yes            , Own          ,       1
 21,  726569,     464383,         674,               3,             2,       21537,       12, No             , Mortgage     ,       1
 49, 1117790,     951128,         635,              28,             5,       41432,       48, Yes            , Own          ,       1
 51,  929390,     637777,         698,               2,             3,       29201,       12, No             , Mortgage     ,       0
 46, 1112420,     935571,         850,              20,             1,           0,       12, Yes            , Own          ,       0
 48, 1224943,     467627,         568,               0,             0,       15977,       48, No             , Rent         ,       1
 22,  219842,     192914,         600,               4,             0,        5709,       60, No             , Own          ,       0
 60,  243797,     517423,         757,              28,             2,       25686,       48, Yes            , Rent         ,       0
 22,  442843,    1238598,         688,               0,             4,       24190,       48, No             , Own          ,       0
 33,  679239,     782633,         544,              10,             0,           0,       60, No             , Rent         ,       1
 36,  278928,     583306,         604,              18,             1,        7506,       48, No             , Mortgage     ,       1
 49,  467225,     506931,         619,               8,             2,       30913,       24, No             , Rent         ,       0
 60,  445741,    1321272,         743,               8,             4,       25833,       36, No             , Rent         ,       0
 25,  866504,     554473,         617,               0,             3,       31952,       24, No             , Rent         ,       0
 26,  735300,     607652,         850,               8,             4,       31960,       60, Yes            , Own          ,       1
 61,  756355,     447179,         788,              20,             0,        3806,       48, No             , Mortgage     ,       0
 60,  660608,     283598,         631,              16,             2,       22104,       36, No             , Rent         ,       1
 65,  327512,     584392,         607,               2,             5,       36683,       12, No             , Mortgage     ,       0
 52, 1257516,     752304,         850,              12,             3,       27496,       36, No             , Own          ,       0
 29,  799728,     521020,         689,              11,             1,       15342,       24, No             , Mortgage     ,       0
 56,  277939,     697257,         747,              30,             4,       46412,       36, No             , Own          ,       1
 23,  953219,     599110,         620,               1,             2,       11433,       60, No             , Mortgage     ,       0
 29,  956462,     293642,         591,              11,             1,       21890,       24, Yes            , Rent         ,       1
 56,  686438,      50000,         775,               8,             4,       25246,       48, No             , Mortgage     ,       0
 65,  961659,    1018875,         623,               5,             2,       10862,       84, No             , Mortgage     ,       0
 35,  224855,      50000,         808,              17,             4,       24831,       48, Yes            , Mortgage     ,       1
 33,  434575,     129218,         820,              15,             0,           0,       36, Yes            , Mortgage     ,       0
 38,  566851,     259030,         732,               5,             4,       24873,       48, No             , Rent         ,       0
 45,  792608,     546245,         751,              20,             5,       21165,       12, No             , Own          ,       0
 39,  855165,     815253,         742,              16,             0,        6632,       36, No             , Mortgage     ,       0
 57,  565747,     587802,         680,               0,             4,       14997,       48, No             , Rent         ,       0
 46, 1239239,     371897,         702,              26,             3,       30025,       60, Yes            , Mortgage     ,       1
 62,  312341,     340248,         692,               9,             5,       34113,       36, Yes            , Own          ,       1
 38,  429461,     422914,         699,               0,             3,       37626,       48, No             , Mortgage     ,       0
 28,  697291,     816717,         730,               4,             5,       40094,       60, No             , Own          ,       0
 48,  479201,     914104,         764,              26,             0,       18735,       36, No             , Rent         ,       0
 55,  619195,     426479,         599,              12,             0,       15134,       48, Yes            , Mortgage     ,       1
 22,  473980,     791447,         642,               4,             0,        4343,       24, No             , Own          ,       0
 22,  675649,     691354,         607,               4,             4,       37161,       48, Yes            , Mortgage     ,       0
 63, 1024032,     518165,         643,              15,             0,       10698,       36, No             , Mortgage     ,       0
 25,  592232,     622122,         704,               7,             4,       18829,       12, Yes            , Mortgage     ,       1
 39,  601779,    1065240,         776,              15,             5,       28759,       36, No             , Rent         ,       0
 26,  150000,     332525,         644,               8,             3,       28833,       12, No             , Mortgage     ,       0
 38,  362665,      50000,         724,              16,             2,       22995,       36, No             , Own          ,       0
 44,  892403,    1271735,         686,              11,             4,       29129,       60, No             , Own          ,       0
 50,  590600,     199872,         718,              13,             3,       15891,       24, No             , Mortgage     ,       0
 22,  681934,     263409,         736,               4,             2,       16541,       24, No             , Rent         ,       0
 62,  155161,     342828,         546,               5,             0,           0,       60, No             , Rent         ,       0
 63,  704811,     964111,         601,               7,             5,       38288,       60, No             , Own          ,       1
 42,  221815,      50000,         764,              18,             0,       11327,       24, Yes            , Mortgage     ,       0
 62,  150000,     529194,         672,               7,             1,       19830,       60, No             , Rent         ,       1
 65, 1126684,     834364,         632,              23,             4,       19184,       24, No             , Own          ,       0
 51,  727663,    1043665,         573,              15,             4,       24195,       36, No             , Mortgage     ,       1
 65,  670351,     303629,         475,              11,             2,       26641,       24, No             , Own          ,       1
 36,  395981,     368205,         693,              17,             3,       14654,       60, No             , Rent         ,       0
 56,  372551,     482498,         791,              10,             3,       30333,       60, Yes            , Mortgage     ,       0
 30,  797886,      55627,         525,              11,             3,       40371,       60, No             , Mortgage     ,       0
 62,  159862,     446461,         609,              23,             1,       13169,       60, No             , Rent         ,       0
 53,  493932,     434755,         811,              25,             3,       17363,       36, No             , Own          ,       0
 40, 1300254,     515234,         739,              20,             4,       25112,       48, Yes            , Rent         ,       0
 44,  651518,     457399,         709,              18,             2,        7673,       60, Yes            , Rent         ,       0
 55,  754776,     512281,         772,              18,             2,       24733,       36, Yes            , Mortgage     ,       0
 42,  698241,     752841,         742,               7,             3,       39211,       84, No             , Mortgage     ,       0
 28,  358730,     747816,         577,              10,             4,       46257,       60, Yes            , Mortgage     ,       1
 64, 1073081,     726126,         535,              15,             4,       45063,       36, No             , Mortgage     ,       1
 64, 1173936,      50000,         632,              24,             5,       42042,       36, No             , Mortgage     ,       0
 44, 1167616,     499841,         692,              14,             0,       23086,       24, No             , Rent         ,       0
 60,  634859,     354016,         737,               7,             2,       22825,       48, No             , Rent         ,       0
 44,  739341,     371143,         661,               9,             0,       12817,       36, No             , Mortgage     ,       0
 28,  617085,     705833,         597,              10,             2,       14107,       12, No             , Mortgage     ,       0
 26,  718390,    1009398,         698,               8,             4,       20859,       60, No             , Mortgage     ,       0
 41,  671561,     251980,         620,              16,             4,       24703,       36, No             , Mortgage     ,       0
 45,  371201,     522517,         720,              20,             5,       33361,       36, No             , Rent         ,       0
 30, 1249054,      50000,         621,              12,             4,       28820,       24, No             , Own          ,       0
 35,  651174,    1020249,         672,              17,             4,       32754,       36, Yes            , Rent         ,       1
 46,  623597,     982096,         538,              28,             3,       30508,       36, No             , Own          ,       0
 34,  356693,     831972,         650,              13,             0,       13090,       24, No             , Rent         ,       0
 21,  150000,     853344,         569,               3,             5,       37114,       36, No             , Rent         ,       1
 49,  863636,     338350,         827,               9,             5,       16968,       36, No             , Mortgage     ,       0
 38,  424394,      87414,         762,               8,             4,       22803,       36, No             , Rent         ,       0
 41,  451219,     364246,         795,               1,             1,       18061,       36, No             , Rent         ,       0
 47,  576114,     673551,         850,              23,             3,       14482,       36, No             , Rent         ,       0
 24,  365384,     822072,         707,               6,             3,       30158,       36, No             , Own          ,       0
 42,  894748,     340387,         850,              14,             3,       31579,       36, Yes            , Own          ,       0
 51,  769682,     433262,         686,              29,             4,       38022,       36, Yes            , Mortgage     ,       1
 26,  933598,     690094,         672,               8,             0,        4009,       36, No             , Own          ,       0
 53,  941846,     673911,         630,              20,             0,        5425,       60, No             , Rent         ,       0
 37,  995661,     107618,         638,               6,             1,       19911,       24, No             , Mortgage     ,       0
 36,  848492,     259968,         515,              18,             5,       28447,       36, No             , Mortgage     ,       0
 35,  843426,      50000,         839,               5,             1,       22846,       60, No             , Own          ,       0
 65,  229055,     428900,         738,               4,             4,       35833,       60, No             , Rent         ,       0
 26, 1070116,     168631,         545,               8,             4,       38490,       84, No             , Rent         ,       0
 51,  921894,     778893,         734,              14,             3,       29427,       48, No             , Own          ,       0
 26,  334358,     630091,         581,               8,             2,       31079,       36, No             , Rent         ,       1
 65, 1166172,     636401,         792,              29,             4,       35969,       48, No             , Mortgage     ,       0
 38,  382546,     746873,         601,              20,             1,           0,       60, Yes            , Mortgage     ,       0
 21,  918951,     556012,         713,               3,             3,       29708,       36, No             , Mortgage     ,       0
 46,  510393,     931698,         561,              28,             2,       20502,       12, No             , Mortgage     ,       1
 48,  329192,     116607,         755,               4,             3,       18818,       24, No             , Mortgage     ,       0
 42,  193915,      84521,         643,              24,             3,       30260,       48, No             , Rent         ,       0
 28, 1332766,     882164,         797,              10,             3,       21758,       60, No             , Own          ,       0
 50, 1221252,     474053,         648,               0,             2,       20149,       48, No             , Rent         ,       0
 38,  628894,    1077429,         618,               5,             3,       18690,       60, No             , Own          ,       0
 48,  560790,     132054,         670,              19,             1,       16847,       60, No             , Rent         ,       0
 65,  312172,     892547,         586,               3,             1,       23742,       84, No             , Rent         ,       1
 46,  150000,     241113,         600,              22,             4,       13262,       60, No             , Rent         ,       1
 28,  467356,     623409,         567,               7,             4,       34540,       60, Yes            , Mortgage     ,       1
 34,  775387,     441807,         702,              16,             1,       15203,       84, No             , Mortgage     ,       0
 54,  676226,     895031,         850,              24,             2,       18704,       24, No             , Mortgage     ,       0
 21,  704329,     453606,         823,               3,             2,       17290,       60, Yes            , Own          ,       0
 53,  446061,     834014,         725,              19,             2,       15115,       60, Yes            , Own          ,       1
 42,  657704,     548429,         700,              18,             2,       17257,       36, No             , Own          ,       0
 54,  880970,     658460,         501,              27,             2,       25573,       36, No             , Own          ,       0
 48,  644192,    1050436,         602,               0,             5,       37555,       36, No             , Mortgage     ,       1
 61,  787055,     276025,         458,              12,             0,        1809,       48, Yes            , Own          ,       1
 36,  667966,      62414,         709,               2,             5,       34658,       60, No             , Rent         ,       0
 64,  813120,     533659,         634,              30,             3,       27459,       36, No             , Mortgage     ,       0
 39,  542717,     407093,         789,               7,             1,       28845,       60, No             , Own          ,       0
 60,  923643,     626642,         692,               1,             1,       19424,       36, No             , Mortgage     ,       0
 39,  661747,     451732,         727,               8,             0,       20784,       24, No             , Rent         ,       0
 41,  607513,     400721,         618,              20,             1,       21451,       12, No             , Own          ,       0
 28,  348721,     483273,         610,              10,             0,           0,       24, Yes            , Mortgage     ,       0
 60,  617826,    1081583,         620,              17,             0,        8929,       12, Yes            , Own          ,       0
 40,  507135,    1137410,         568,              13,             0,           0,       60, No             , Mortgage     ,       0
 45,  984739,    1496943,         594,              16,             3,       21192,       60, No             , Own          ,       0
 35,  953185,     427379,         676,               6,             1,       17588,       36, No             , Own          ,       0
 21,  155991,     664543,         537,               3,             2,       18496,       36, Yes            , Rent         ,       1
 26,  902131,     415918,         733,               8,             3,       19690,       84, No             , Own          ,       0
 36,  411920,     749745,         606,              18,             2,        9969,       24, No             , Own          ,       0
 43,  694186,     614974,         740,              17,             2,       29127,       24, No             , Rent         ,       0
 31,  540109,     231524,         786,              13,             4,       31679,       60, No             , Own          ,       0
 35,  511416,     414749,         688,              10,             0,        2810,       36, Yes            , Own          ,       0
 44,  967053,     438201,         697,              26,             2,       13083,       24, No             , Rent         ,       0
 30,  272228,     815272,         746,               0,             0,       13778,       36, No             , Rent         ,       0
 42,  547749,     239185,         741,               9,             0,           0,       36, No             , Rent         ,       0
 41,  353263,     385492,         529,              18,             2,       14687,       48, No             , Mortgage     ,       0
 58,  762444,    1058412,         695,              14,             1,       23966,       36, No             , Own          ,       0
 27,  503553,      50000,         550,               5,             4,       50548,       24, No             , Rent         ,       0
 46, 1122462,     636269,         784,              11,             5,       31194,       36, Yes            , Mortgage     ,       0
 53,  648953,     636372,         572,              30,             5,       28643,       24, No             , Own          ,       1
 21,  427117,     368311,         695,               3,             3,       18756,       36, No             , Rent         ,       0
 38,  350526,     805256,         623,              20,             1,       25454,       36, No             , Mortgage     ,       1
