Age, MonthlyIncome, YearsAtCompany, TotalWorkingYears, DistanceFromHome, JobSatisfaction, WorkLifeBalance, OverTime, NumCompaniesWorked, TrainingTimesLastYear, Attrition
 24,         52421,              6,                 6,               32,               4,               2, Yes     ,                  3,                     0, No
 51,        173064,              1,                26,               34,               4,               2, No      ,                  5,                     3, No
 47,        133296,              8,                20,               25,               1,               4, No      ,                  5,                     1, No
 38,        100482,              9,                20,               10,               3,               4, No      ,                  3,                     5, No
 38,         28122,              3,                 4,                2,               4,               2, Yes     ,                  1,                     1, No
 55,        154740,              4,                33,               32,               3,               4, No      ,                  4,                     4, No
 24,         56378,              3,                 6,               35,               3,               3, Yes     ,                  5,                     3, No
 48,         95706,              2,                18,               39,               2,               2, No      ,                  2,                     4, No
 29,         61086,              9,                11,               48,               1,               1, Yes     ,                  6,                     0, No
 24,         73609,              4,                 6,               25,               2,               3, Yes     ,                  5,                     3, No
 42,         57744,              4,                 9,               42,               3,               3, No      ,                  1,                     4, No
 60,        180993,             11,                28,               36,               1,               4, Yes     ,                  8,                     2, No
 50,         57233,              1,                 8,               14,               1,               3, Yes     ,                  0,                     6, No
 51,        100336,             11,                11,               43,               2,               1, No      ,                  5,                     3, Yes
 49,        104032,             12,                18,                3,               4,               3, Yes     ,                  3,                     2, No
 52,        165333,              9,                30,               30,               3,               3, No      ,                  5,                     0, No
 41,         63557,              5,                13,               48,               3,               2, No      ,                  6,                     1, Yes
 26,         40232,              6,                 8,               33,               3,               2, Yes     ,                  6,                     3, Yes
 54,         34475,              1,                 1,               47,               1,               4, No      ,                  5,                     2, No
 39,         56594,              2,                 4,                3,               2,               3, Yes     ,                  7,                     6, No
 41,         31125,              0,                 2,               27,               1,               3, No      ,                  6,                     5, No
 35,         18000,              1,                 2,               40,               4,               2, Yes     ,                  7,                     1, No
 28,         39515,              7,                10,               33,               4,               2, Yes     ,                  3,                     4, No
 58,        122312,             18,                30,               45,               2,               3, Yes     ,                  1,                     3, Yes
 52,        111983,              2,                29,               24,               2,               4, No      ,                  2,                     0, No
 46,         32371,              1,                 2,               35,               2,               3, No      ,                  5,                     4, No
 37,         50651,              1,                 2,               21,               4,               3, No      ,                  4,                     3, No
 53,         63759,             10,                10,               44,               2,               1, No      ,                  0,                     0, Yes
 42,         65313,             11,                20,                6,               4,               4, No      ,                  1,                     3, No
 38,         68966,              4,                12,               13,               2,               1, No      ,                  8,                     5, No
 39,         90470,             10,                17,                5,               3,               4, No      ,                  6,                     2, No
 30,         84928,              1,                 6,               36,               3,               2, No      ,                  6,                     2, No
 24,         20972,              0,                 6,               12,               2,               4, No      ,                  1,                     0, No
 43,         61168,              8,                11,               16,               4,               4, No      ,                  0,                     1, No
 56,         61105,              2,                 2,               42,               3,               4, No      ,                  2,                     6, Yes
 23,         51100,              5,                 5,               19,               4,               4, Yes     ,                  7,                     4, No
 55,        166540,             19,                32,                8,               4,               3, No      ,                  4,                     1, No
 54,         24063,              0,                 0,                2,               1,               4, Yes     ,                  7,                     3, No
 32,         86739,              0,                14,               12,               1,               1, No      ,                  4,                     1, No
 46,        153597,             28,                28,               46,               3,               1, No      ,                  4,                     3, No
 27,         45229,              4,                 9,               28,               2,               3, No      ,                  5,                     1, No
 51,        163805,              8,                30,               50,               2,               4, No      ,                  8,                     4, No
 49,         56086,             13,                14,               11,               1,               4, No      ,                  3,                     3, Yes
 35,         82511,             10,                13,               18,               2,               3, Yes     ,                  5,                     4, No
 23,         46217,              4,                 5,                9,               2,               3, No      ,                  8,                     3, No
 59,         31907,              1,                 5,               20,               2,               3, No      ,                  3,                     2, No
 38,         55192,              8,                 8,               29,               3,               4, Yes     ,                  7,                     1, No
 56,         98994,              9,                21,               41,               3,               4, Yes     ,                  4,                     1, No
 48,        103509,             13,                24,               19,               2,               1, Yes     ,                  7,                     3, Yes
 52,         32435,              3,                 4,               39,               1,               3, No      ,                  4,                     3, Yes
 51,         77728,             12,                18,               32,               3,               2, No      ,                  5,                     4, No
 28,         69810,              1,                10,               15,               1,               4, No      ,                  2,                     0, No
 35,         72698,              5,                17,               46,               2,               3, No      ,                  5,                     1, No
 39,        123016,              7,                21,               22,               2,               4, No      ,                  2,                     5, No
 40,         18000,              2,                 2,                8,               1,               2, No      ,                  5,                     6, No
 22,         28607,              3,                 4,               49,               2,               3, No      ,                  7,                     6, Yes
 42,         77957,              6,                16,               46,               2,               1, No      ,                  3,                     2, Yes
 27,         83653,              7,                 9,                3,               4,               4, Yes     ,                  3,                     0, No
 50,         90945,             11,                15,               46,               4,               1, No      ,                  2,                     1, No
 48,         64389,              4,                11,               48,               1,               2, No      ,                  6,                     0, No
 57,        144377,             11,                27,               42,               3,               4, No      ,                  5,                     6, No
 50,         84871,             22,                24,               13,               3,               4, No      ,                  4,                     6, No
 35,         42224,              3,                 5,               32,               2,               2, No      ,                  0,                     5, No
 59,        162955,              3,                25,               27,               2,               2, Yes     ,                  0,                     5, Yes
 37,        104182,             14,                19,               32,               4,               1, No      ,                  0,                     2, No
 34,         77822,              8,                13,               31,               2,               4, Yes     ,                  7,                     3, No
 57,        170466,             17,                33,               32,               1,               1, No      ,                  7,                     5, No
 35,        109521,             13,                17,               26,               2,               1, Yes     ,                  0,                     5, No
 24,         18000,              6,                 6,               35,               2,               2, No      ,                  0,                     3, Yes
 39,         18000,              0,                 0,               27,               2,               1, No      ,                  7,                     5, Yes
 52,        126585,              8,                24,                1,               1,               1, Yes     ,                  4,                     2, Yes
 28,         38532,              3,                 7,                2,               1,               3, No      ,                  2,                     2, No
 39,        133816,              4,                21,               48,               4,               3, No      ,                  5,                     5, Yes
 26,         49927,              5,                 8,               46,               1,               2, No      ,                  2,                     2, Yes
 48,         54378,              6,                16,               30,               3,               4, Yes     ,                  1,                     5, No
 40,         20176,              2,                 5,                9,               3,               3, Yes     ,                  3,                     3, No
 34,         39706,             11,                16,               40,               3,               1, No      ,                  8,                     2, No
 30,         38786,              2,                 5,                8,               4,               3, No      ,                  6,                     1, No
 43,         81609,              7,                15,               19,               1,               3, No      ,                  1,                     4, No
 47,        136160,             13,                29,               17,               2,               4, Yes     ,                  5,                     3, Yes
 58,        180020,              8,                33,                1,               1,               1, No      ,                  7,                     2, No
 38,        127573,              2,                20,               41,               3,               1, No      ,                  8,                     5, Yes
 27,         56733,              8,                 9,               26,               3,               2, Yes     ,                  6,                     0, Yes
 54,         67576,              1,                20,               16,               4,               2, No      ,                  1,                     0, No
 46,         62511,              2,                 7,               26,               2,               4, Yes     ,                  2,                     6, Yes
 49,        157996,             20,                30,                1,               1,               3, No      ,                  1,                     4, No
 24,         52769,              0,                 6,               22,               4,               3, No      ,                  1,                     3, No
 33,        102667,             10,                15,               26,               3,               3, No      ,                  1,                     0, No
 51,         97633,             17,                23,               17,               4,               4, No      ,                  2,                     4, No
 54,         79158,              3,                 5,               42,               2,               2, Yes     ,                  4,                     3, Yes
 38,         80330,              5,                18,               13,               2,               1, Yes     ,                  3,                     4, No
 53,        102686,              0,                16,                7,               2,               1, Yes     ,                  3,                     0, Yes
 54,        117628,             27,                30,               27,               3,               2, No      ,                  2,                     3, No
 36,         64055,              4,                14,               45,               1,               3, No      ,                  1,                     4, No
 56,         95495,              9,                11,               19,               4,               2, Yes     ,                  8,                     2, No
 32,         25704,              0,                 2,                3,               1,               2, Yes     ,                  5,                     0, No
 30,         87519,              2,                12,               49,               2,               2, No      ,                  2,                     6, No
 48,        139665,             21,                27,               23,               2,               4, No      ,                  7,                     4, No
 46,         24311,              1,                 1,                9,               3,               4, No      ,                  7,                     4, No
 26,         80149,              7,                 8,               31,               3,               1, No      ,                  8,                     5, No
 54,         89140,             13,                17,               16,               4,               1, No      ,                  1,                     4, No
 28,         31947,              2,                10,               47,               4,               1, Yes     ,                  5,                     0, Yes
 53,        146142,             31,                33,               15,               1,               4, No      ,                  8,                     3, No
 21,         44521,              2,                 3,               28,               1,               2, No      ,                  7,                     6, No
 52,         75319,              2,                11,               28,               4,               4, Yes     ,                  2,                     2, No
 52,         18993,              0,                 6,               13,               2,               3, No      ,                  8,                     6, No
 52,         42562,              7,                 8,               25,               1,               3, Yes     ,                  3,                     0, No
 47,        133329,              8,                29,                6,               4,               2, No      ,                  4,                     2, No
 39,        103622,             16,                21,               33,               3,               2, No      ,                  5,                     2, No
 49,         18000,              0,                 1,               38,               1,               1, No      ,                  6,                     4, Yes
 32,         69489,              4,                14,               48,               4,               3, No      ,                  1,                     1, No
 52,         42485,              2,                 8,               17,               3,               2, No      ,                  4,                     1, Yes
 43,         61088,              1,                 6,               15,               3,               2, No      ,                  7,                     4, No
 39,         78564,              7,                10,               28,               4,               1, No      ,                  4,                     1, No
 41,         44575,              6,                 6,               35,               2,               4, No      ,                  2,                     6, No
 43,         86343,             16,                17,               50,               2,               4, No      ,                  0,                     6, No
 22,         41319,              3,                 4,                2,               3,               2, Yes     ,                  4,                     2, No
 26,         40902,              1,                 8,               12,               1,               3, No      ,                  6,                     3, No
 30,         51757,             12,                12,               14,               1,               4, No      ,                  4,                     2, No
 25,         34476,              4,                 7,               13,               4,               3, Yes     ,                  8,                     2, No
 38,         18000,              0,                 0,               24,               1,               3, No      ,                  5,                     4, Yes
 47,         18000,              2,                 3,               44,               3,               2, No      ,                  4,                     2, Yes
 47,         62717,              7,                 9,                2,               2,               3, No      ,                  0,                     1, No
 39,         68735,              6,                 8,               41,               1,               3, No      ,                  5,                     1, No
 55,        119432,             29,                30,               31,               3,               3, No      ,                  1,                     6, No
 43,        127452,             15,                25,               31,               4,               3, No      ,                  6,                     1, No
 24,         43241,              4,                 6,               34,               2,               3, Yes     ,                  1,                     2, Yes
 51,        120547,             17,                22,                6,               1,               1, No      ,                  8,                     4, No
 43,        105767,              5,                20,               38,               1,               4, No      ,                  2,                     0, Yes
 46,         92435,              7,                23,               13,               1,               4, No      ,                  3,                     1, No
 43,         58077,              9,                14,               26,               4,               1, No      ,                  1,                     1, No
 43,        123330,              1,                24,               34,               2,               2, No      ,                  1,                     6, No
 24,         65718,              2,                 6,               31,               2,               4, No      ,                  8,                     6, No
 43,         87145,             18,                25,               17,               1,               2, No      ,                  2,                     5, No
 52,        120623,             22,                22,               20,               2,               4, No      ,                  4,                     1, No
 33,         51813,              1,                 2,               24,               4,               4, No      ,                  8,                     4, No
 45,        128446,             10,                26,                3,               2,               4, Yes     ,                  5,                     4, No
 22,         48704,              2,                 4,               37,               3,               1, No      ,                  0,                     6, No
 34,         76545,             11,                16,                5,               1,               2, No      ,                  3,                     1, No
 38,         99651,             10,                19,               23,               1,               3, No      ,                  3,                     5, No
 60,        123024,              0,                31,               33,               3,               4, No      ,                  2,                     1, No
 29,         26002,              6,                11,                5,               1,               1, No      ,                  2,                     3, Yes
 32,         97770,              6,                14,               50,               2,               2, No      ,                  4,                     6, Yes
 37,         84070,             14,                19,               19,               2,               1, Yes     ,                  3,                     0, Yes
 60,         60000,             10,                11,                1,               1,               4, No      ,                  2,                     1, No
 55,         68444,             17,                17,               33,               3,               4, No      ,                  3,                     5, No
 22,         18000,              3,                 4,               28,               4,               1, Yes     ,                  3,                     0, No
 30,         69271,              4,                12,               33,               1,               1, Yes     ,                  2,                     4, No
 53,        109668,             11,                24,               38,               4,               2, No      ,                  4,                     3, No
 23,         49803,              1,                 5,               24,               3,               4, No      ,                  8,                     2, No
 55,         84746,             13,                13,               42,               3,               2, No      ,                  4,                     6, No
 32,         86575,             12,                14,               19,               1,               2, Yes     ,                  5,                     5, No
 57,         89295,             13,                15,               28,               4,               2, No      ,                  8,                     2, No
 32,        109200,              4,                14,                8,               1,               3, No      ,                  5,                     0, No
 38,         44783,              3,                10,               31,               4,               2, No      ,                  2,                     0, No
 47,        109211,             18,                21,               14,               3,               1, No      ,                  3,                     0, No
 26,         59188,              2,                 4,               35,               2,               4, Yes     ,                  4,                     6, Yes
 43,        149762,             18,                25,               41,               1,               2, No      ,                  4,                     4, No
 41,         51008,              6,                13,               43,               3,               2, Yes     ,                  1,                     4, Yes
 52,         66778,              5,                12,               47,               1,               3, No      ,                  0,                     1, Yes
 60,        130446,             13,                20,                7,               3,               3, Yes     ,                  3,                     5, No
 47,        102545,             14,                17,                7,               4,               1, No      ,                  8,                     5, No
 37,        105315,              6,                19,               47,               2,               1, Yes     ,                  6,                     5, Yes
 37,         97882,             16,                19,               20,               1,               1, No      ,                  7,                     3, No
 37,         90692,              4,                18,                2,               1,               4, No      ,                  1,                     4, No
 53,         39788,              1,                 3,               15,               1,               3, No      ,                  3,                     3, No
 33,         18000,              0,                 0,               42,               1,               4, Yes     ,                  5,                     2, No
 27,         59034,              9,                 9,               18,               1,               3, Yes     ,                  3,                     4, No
 34,         90615,             16,                16,                4,               3,               2, No      ,                  3,                     2, No
 21,         22395,              3,                 3,               37,               2,               3, No      ,                  3,                     6, No
 25,         60978,              2,                 7,               10,               4,               3, No      ,                  0,                     5, No
 24,         99656,              5,                 6,               18,               4,               2, No      ,                  7,                     5, No
 51,         48814,             14,                14,                1,               4,               4, No      ,                  8,                     5, No
 49,         53032,              6,                 6,               31,               3,               4, No      ,                  0,                     3, No
 48,         18000,              0,                 0,               23,               2,               4, Yes     ,                  3,                     6, No
 39,         82793,              0,                12,               44,               4,               4, No      ,                  4,                     1, No
 49,         69038,              8,                11,               17,               1,               2, No      ,                  7,                     3, No
 27,         60913,              6,                 6,               11,               2,               1, No      ,                  8,                     0, No
 57,         80959,              7,                 9,                9,               2,               2, No      ,                  3,                     2, No
 41,         25464,              0,                 0,               11,               3,               3, No      ,                  6,                     4, No
 58,        130577,              5,                21,               23,               3,               4, No      ,                  8,                     3, No
 27,         18000,              7,                 9,                5,               4,               2, No      ,                  7,                     6, Yes
 40,        143028,              2,                22,               21,               4,               2, Yes     ,                  2,                     4, No
 48,         95951,              8,                16,               43,               2,               2, No      ,                  7,                     2, No
 40,        104401,             10,                15,               39,               4,               4, No      ,                  3,                     2, No
 38,         46242,              5,                11,               32,               1,               1, No      ,                  0,                     4, Yes
 27,         28046,              4,                 5,               45,               4,               2, No      ,                  6,                     5, No
 36,        100227,              4,                18,               40,               1,               1, Yes     ,                  7,                     1, No
 30,         72093,              7,                12,               33,               4,               4, Yes     ,                  3,                     4, No
 33,         27095,              0,                 0,               44,               2,               2, Yes     ,                  4,                     4, Yes
 48,        100321,              9,                14,                7,               4,               1, No      ,                  3,                     0, No
 46,         32226,              6,                10,               41,               1,               2, Yes     ,                  1,                     6, No
 45,         64729,              2,                 6,               15,               2,               1, No      ,                  8,                     3, Yes
 35,         93549,              5,                17,               37,               4,               2, No      ,                  0,                     1, No
 59,         93932,              4,                18,               46,               1,               4, No      ,                  5,                     4, No
 24,         20720,              3,                 6,               25,               2,               3, Yes     ,                  0,                     4, Yes
 34,         98255,              9,                16,                5,               1,               4, No      ,                  6,                     6, No
 25,         18000,              2,                 7,               19,               2,               3, Yes     ,                  8,                     0, No
 34,        100871,              6,                16,               21,               2,               4, No      ,                  5,                     2, No
 59,         87542,              6,                22,               47,               3,               2, Yes     ,                  5,                     1, No
 35,         94362,              3,                17,               48,               2,               4, Yes     ,                  7,                     4, No
 57,         91255,             11,                17,               29,               1,               1, Yes     ,                  8,                     3, Yes
 40,        135452,             18,                22,               48,               1,               2, No      ,                  7,                     3, No
 48,        132184,              8,                27,               22,               4,               3, Yes     ,                  2,                     6, No
 39,         97706,             18,                21,               21,               4,               2, No      ,                  5,                     3, No
 31,         67481,              7,                13,               42,               1,               2, No      ,                  7,                     2, Yes
 51,        120512,              3,                18,               34,               1,               1, No      ,                  2,                     0, No
 59,        136653,              9,                25,               27,               1,               1, Yes     ,                  6,                     2, Yes
 31,         57059,              0,                10,               23,               4,               3, Yes     ,                  0,                     6, No
 52,        160544,              1,                34,               36,               3,               4, No      ,                  7,                     3, Yes
 31,         48391,              4,                13,               38,               4,               1, Yes     ,                  5,                     6, No
 49,        146593,             13,                28,               25,               2,               2, No      ,                  6,                     3, Yes
 52,         57523,             13,                16,                2,               3,               4, No      ,                  7,                     3, No
 38,        119532,              2,                20,                6,               1,               4, No      ,                  1,                     3, No
 50,         32715,              2,                 2,                8,               3,               1, Yes     ,                  4,                     3, No
 31,         81765,              1,                 4,               24,               3,               3, No      ,                  7,                     0, No
 24,         27398,              0,                 6,               31,               2,               1, Yes     ,                  1,                     0, Yes
 24,         45352,              4,                 6,               41,               3,               1, No      ,                  7,                     3, No
 38,        138369,             16,                20,               12,               3,               1, Yes     ,                  2,                     4, No
 57,        106445,              9,                15,               40,               2,               3, No      ,                  5,                     3, No
 26,         43068,              1,                 8,               34,               1,               1, No      ,                  4,                     3, Yes
 39,        105831,              2,                19,                3,               1,               2, Yes     ,                  6,                     2, No
 49,        152236,             12,                31,               18,               4,               1, Yes     ,                  7,                     4, No
 29,         73275,              5,                11,               16,               2,               2, No      ,                  3,                     4, No
 49,         72424,             15,                15,               45,               2,               3, Yes     ,                  1,                     0, Yes
 33,         83392,              4,                15,               47,               3,               2, Yes     ,                  3,                     3, No
 53,         18000,              0,                 3,               41,               2,               2, No      ,                  5,                     4, Yes
 44,        133632,             25,                26,               27,               2,               3, No      ,                  6,                     5, No
 42,         51100,              0,                 5,               25,               3,               3, Yes     ,                  6,                     2, No
 28,         59906,              0,                10,               16,               3,               1, No      ,                  3,                     6, No
 39,         81129,              9,                21,               39,               3,               4, Yes     ,                  8,                     4, No
 55,        148994,             10,                26,                5,               1,               4, No      ,                  0,                     3, No
 21,         41161,              2,                 3,               14,               2,               3, Yes     ,                  1,                     4, No
 51,        118132,             23,                26,                7,               2,               3, No      ,                  0,                     6, No
 40,        109349,             21,                22,               25,               3,               3, No      ,                  8,                     1, No
 49,         45388,              3,                12,               15,               1,               2, Yes     ,                  1,                     1, Yes
 47,         18000,              0,                 0,               10,               1,               2, Yes     ,                  5,                     3, Yes
 38,         29119,              4,                 4,               19,               4,               2, No      ,                  7,                     0, No
 33,         86112,              6,                10,               44,               3,               1, No      ,                  6,                     5, No
 46,         18000,              0,                 1,               28,               4,               4, No      ,                  8,                     6, No
 26,         67124,              8,                 8,               42,               2,               2, No      ,                  0,                     4, No
 44,        121510,              3,                26,               46,               4,               2, No      ,                  3,                     6, No
 24,         51663,              4,                 6,               46,               2,               4, No      ,                  4,                     0, Yes
 46,         90855,             14,                17,               18,               3,               3, No      ,                  6,                     4, Yes
 46,        155315,              7,                28,               44,               1,               3, No      ,                  5,                     3, No
 24,         37573,              1,                 6,               46,               4,               1, No      ,                  5,                     1, Yes
 51,        119694,             14,                30,               48,               2,               2, Yes     ,                  2,                     2, Yes
 37,         64325,             15,                16,               18,               4,               3, No      ,                  0,                     3, No
 52,         58626,              2,                11,               12,               2,               2, Yes     ,                  3,                     4, No
 22,         18000,              3,                 4,               30,               4,               1, Yes     ,                  2,                     1, No
 28,         62984,              4,                 8,               47,               2,               4, No      ,                  4,                     4, No
 40,         72416,              1,                14,               46,               1,               2, No      ,                  7,                     6, No
 28,         73143,              2,                 2,               29,               1,               3, Yes     ,                  4,                     0, Yes
 34,         57921,             14,                16,                8,               3,               2, Yes     ,                  5,                     6, No
 47,        122265,             13,                23,               22,               1,               3, No      ,                  0,                     4, No
 26,         18000,              0,                 3,               36,               2,               4, No      ,                  5,                     2, No
 48,         42519,              1,                 7,               29,               3,               4, Yes     ,                  3,                     5, No
 25,         53946,              3,                 7,               18,               2,               1, Yes     ,                  1,                     4, No
 28,         22143,              5,                10,               18,               1,               3, No      ,                  1,                     5, Yes
 44,        135463,             14,                26,                3,               3,               4, No      ,                  7,                     0, No
 52,         94052,              2,                 9,               15,               3,               3, Yes     ,                  8,                     0, No
 27,         51638,              5,                 9,               34,               3,               1, No      ,                  4,                     4, No
 32,         85477,              4,                14,               13,               4,               1, No      ,                  8,                     2, No
 58,        162249,             20,                29,               50,               1,               1, Yes     ,                  1,                     1, Yes
 60,         52649,              7,                 8,                5,               2,               1, No      ,                  2,                     2, No
 44,         18000,              1,                 1,               30,               1,               4, No      ,                  8,                     5, No
 38,         18000,              0,                 1,               25,               4,               4, No      ,                  1,                     1, No
 34,         88138,             13,                13,               42,               3,               3, No      ,                  5,                     6, Yes
 45,        133363,              0,                27,               45,               1,               3, No      ,                  1,                     2, No
 44,         18000,              1,                 1,               28,               3,               4, No      ,                  2,                     1, Yes
 32,         78879,              0,                13,               32,               1,               2, No      ,                  4,                     0, Yes
 21,         24094,              2,                 3,               35,               2,               2, No      ,                  3,                     6, No
 27,         50288,              1,                 9,               27,               3,               3, No      ,                  7,                     0, No
 59,        133713,              2,                24,               10,               3,               2, No      ,                  8,                     2, No
 37,         77709,             13,                19,               22,               4,               1, No      ,                  4,                     4, Yes
 40,        133252,             16,                22,               13,               3,               3, Yes     ,                  4,                     3, Yes
 39,         85042,              2,                21,               24,               4,               4, Yes     ,                  0,                     1, No
 52,        123471,             27,                27,               31,               3,               1, No      ,                  2,                     0, No
 23,         56613,              0,                 0,               11,               1,               1, No      ,                  0,                     4, No
 24,         67492,              2,                 6,               13,               1,               2, Yes     ,                  7,                     3, No
 32,         82557,              4,                14,               42,               4,               4, No      ,                  2,                     0, Yes
 40,         97470,              6,                22,               19,               1,               3, Yes     ,                  3,                     1, No
 47,         71273,              6,                14,               10,               2,               3, No      ,                  7,                     3, No
 40,        115719,              4,                22,               36,               1,               3, No      ,                  6,                     1, No
 38,         77275,              5,                13,               36,               2,               2, Yes     ,                  5,                     2, Yes
 58,         24564,              0,                 1,               42,               3,               3, No      ,                  0,                     0, No
 27,         59245,              0,                 9,               38,               1,               1, Yes     ,                  5,                     5, Yes
 43,         51741,              3,                 8,               50,               2,               1, No      ,                  5,                     4, No
 42,         18000,              2,                 3,               29,               4,               4, Yes     ,                  2,                     5, No
 39,        100903,             16,                21,               15,               1,               3, No      ,                  6,                     0, No
 53,         72063,              3,                 8,               44,               1,               1, No      ,                  8,                     2, No
 31,         51970,              4,                13,               14,               2,               2, Yes     ,                  2,                     1, No
 59,         81588,             12,                15,               15,               4,               1, Yes     ,                  2,                     4, No
 34,         18000,              0,                 0,               42,               2,               3, Yes     ,                  2,                     5, No
 42,        124804,             17,                24,               45,               3,               4, No      ,                  7,                     1, No
 41,         90605,             15,                18,               17,               1,               2, No      ,                  0,                     5, No
 54,         86393,              9,                 9,               37,               3,               2, No      ,                  8,                     4, No
 38,        115118,             17,                20,               47,               1,               1, No      ,                  6,                     5, No
 32,         57188,             14,                14,               40,               3,               2, No      ,                  4,                     0, No
 21,         38282,              0,                 1,                1,               1,               2, No      ,                  5,                     6, No
 35,         79456,              7,                17,               34,               4,               1, No      ,                  8,                     3, No
 54,         70414,              4,                14,                9,               2,               2, No      ,                  6,                     1, No
 21,         40249,              0,                 3,               43,               1,               4, No      ,                  2,                     1, No
 56,        147549,             24,                32,                4,               2,               4, No      ,                  0,                     6, No
 42,        126271,             15,                21,               50,               1,               2, No      ,                  5,                     6, Yes
 26,         41659,              7,                 8,                9,               1,               4, Yes     ,                  1,                     0, No
 33,         48659,              1,                 9,               22,               3,               1, Yes     ,                  0,                     3, Yes
 43,         43785,              4,                 8,               12,               2,               4, No      ,                  8,                     5, No
 33,         70619,              3,                14,               41,               2,               2, No      ,                  4,                     4, No
 25,         71185,              7,                 7,               20,               4,               3, No      ,                  5,                     1, No
 47,        108918,              5,                18,               38,               1,               1, No      ,                  1,                     2, No
 47,        103179,              1,                12,                4,               2,               4, No      ,                  0,                     2, No
 25,         92218,              4,                 7,               23,               1,               2, No      ,                  0,                     2, No
 32,         62247,             13,                14,               46,               2,               4, Yes     ,                  3,                     6, No
 30,         73668,             11,                12,               47,               2,               1, No      ,                  0,                     1, Yes
 47,         42828,              1,                10,               11,               1,               3, Yes     ,                  3,                     4, No
 50,        113003,              8,                25,               20,               1,               1, No      ,                  2,                     6, No
 50,         98859,              3,                21,               21,               4,               4, No      ,                  4,                     5, No
 58,         70171,              5,                16,               29,               1,               2, No      ,                  5,                     5, No
 51,         61866,              8,                14,               27,               4,               3, No      ,                  2,                     1, No
 33,         36203,              1,                 4,                6,               4,               4, No      ,                  4,                     0, No
 25,         29499,              0,                 7,               39,               2,               3, No      ,                  0,                     5, Yes
 45,        116958,             10,                19,               12,               2,               1, No      ,                  2,                     5, No
 57,        135680,              1,                31,               16,               4,               1, No      ,                  8,                     5, No
 60,        202772,              7,                31,               43,               4,               1, Yes     ,                  8,                     2, Yes
 30,         39075,              0,                 6,               35,               1,               4, Yes     ,                  4,                     3, No
 30,         73696,              1,                12,               20,               4,               4, No      ,                  8,                     0, No
 22,         18000,              1,                 3,               46,               4,               2, Yes     ,                  4,                     2, No
 26,         86310,              7,                 8,               20,               1,               4, No      ,                  1,                     3, No
 43,         92551,             10,                12,               29,               1,               1, No      ,                  7,                     0, No
 42,         94544,              1,                16,               13,               3,               3, No      ,                  3,                     0, No
 35,         69158,              0,                17,               10,               1,               2, Yes     ,                  5,                     0, Yes
 33,         88792,              5,                15,               25,               3,               1, No      ,                  5,                     1, No
 54,        123614,             19,                29,               29,               1,               2, Yes     ,                  2,                     6, No
 39,        128122,             14,                19,               41,               3,               2, No      ,                  6,                     4, No
 53,        183566,             29,                35,               20,               1,               2, No      ,                  4,                     6, No
 59,        116118,              7,                22,               45,               1,               1, Yes     ,                  3,                     1, Yes
 33,         20145,              1,                10,               31,               1,               2, Yes     ,                  2,                     4, Yes
 29,         50499,              0,                11,                4,               1,               1, Yes     ,                  6,                     6, Yes
 59,         93180,              2,                14,               37,               3,               4, No      ,                  2,                     2, No
 46,        123632,              1,                19,               29,               1,               2, No      ,                  1,                     4, No
 32,         58765,              4,                 4,               20,               4,               1, Yes     ,                  7,                     4, No
 45,         18000,              1,                 4,               24,               3,               3, Yes     ,                  2,                     5, No
 41,        111428,             17,                20,               16,               2,               4, No      ,                  5,                     6, No
 57,         65479,              3,                 6,               31,               4,               2, Yes     ,                  6,                     4, No
 31,         46750,              7,                13,               29,               3,               4, No      ,                  7,                     4, No
 60,        147858,             14,                30,               23,               3,               3, No      ,                  5,                     6, No
 58,        131929,             21,                25,               15,               1,               3, No      ,                  6,                     4, No
 28,         58586,              0,                10,               20,               3,               2, No      ,                  7,                     2, No
 27,         26461,              0,                 9,               25,               3,               1, No      ,                  8,                     4, No
 42,         24537,              1,                 2,               24,               4,               2, No      ,                  0,                     3, No
 22,         32909,              1,                 4,               16,               2,               4, Yes     ,                  6,                     1, No
 32,         78135,              8,                14,               30,               3,               4, Yes     ,                  1,                     3, No
 38,         95858,             15,                20,               12,               2,               4, No      ,                  8,                     4, No
 59,         43426,              4,                 7,               26,               1,               4, Yes     ,                  0,                     6, No
 60,         92685,              4,                17,                7,               1,               2, No      ,                  2,                     4, No
 27,         67764,              3,                 9,               24,               4,               2, No      ,                  1,                     1, No
 56,         33320,              3,                 4,               40,               3,               4, No      ,                  5,                     6, No
 24,         27226,              0,                 3,               41,               2,               3, Yes     ,                  0,                     4, No
 50,         78262,              7,                13,               35,               3,               2, No      ,                  0,                     2, No
 54,         18000,              1,                 2,               38,               1,               2, No      ,                  4,                     5, No
 56,         38987,              2,                 2,                4,               1,               4, Yes     ,                  8,                     2, No
 29,         68190,              8,                11,               18,               3,               1, No      ,                  4,                     2, No
 56,         52114,              3,                 7,               33,               3,               1, No      ,                  4,                     5, No
 25,         68693,              2,                 7,               41,               4,               3, No      ,                  5,                     6, Yes
 41,         18000,              0,                 0,               30,               4,               1, No      ,                  4,                     3, No
 39,         28471,              4,                10,               43,               2,               1, Yes     ,                  3,                     2, Yes
 33,         89928,              6,                15,               14,               4,               4, No      ,                  5,                     6, No
 21,         34472,              0,                 3,                8,               2,               2, No      ,                  0,                     1, No
 51,        117463,             14,                22,                5,               4,               3, Yes     ,                  2,                     5, No
 34,         80882,              3,                16,               30,               1,               2, No      ,                  6,                     4, No
 47,         84358,              8,                12,               34,               1,               1, Yes     ,                  3,                     5, No
 37,        105987,             12,                16,               15,               1,               1, Yes     ,                  0,                     2, Yes
 35,         93712,             15,                15,               40,               4,               4, No      ,                  1,                     5, No
 56,        147505,              3,                31,               37,               1,               1, Yes     ,                  7,                     0, No
 24,         18000,              5,                 6,               19,               4,               3, No      ,                  2,                     5, No
 50,        170246,              2,                32,               12,               3,               2, Yes     ,                  0,                     0, No
 50,        157391,              9,                27,               38,               1,               2, No      ,                  6,                     4, No
 36,        109202,              3,                18,               34,               4,               4, Yes     ,                  4,                     1, No
 31,         60766,              2,                13,                9,               1,               3, No      ,                  4,                     6, No
 21,         46728,              0,                 3,               13,               1,               3, Yes     ,                  8,                     5, Yes
 58,         79490,              0,                10,               25,               3,               2, No      ,                  2,                     0, No
 58,        100459,             10,                12,               26,               2,               2, No      ,                  5,                     6, No
 30,         56630,              0,                12,                9,               2,               3, Yes     ,                  6,                     1, No
 22,         34724,              1,                 4,               48,               1,               1, No      ,                  5,                     3, No
 25,         64851,              5,                 7,               20,               3,               1, No      ,                  1,                     0, No
 23,         44033,              5,                 5,               20,               1,               3, No      ,                  6,                     0, No
 54,         48088,             10,                11,                4,               1,               3, Yes     ,                  6,                     1, No
 56,        163863,              4,                32,               44,               3,               1, Yes     ,                  1,                     3, Yes
 27,         70216,              9,                 9,               12,               2,               4, No      ,                  1,                     3, No
 50,         69783,              7,                11,               50,               3,               3, No      ,                  6,                     5, No
 28,         67953,              1,                10,               25,               1,               1, Yes     ,                  1,                     1, Yes
 35,         88743,              8,                17,               44,               3,               4, No      ,                  7,                     5, No
 44,        157809,             24,                26,                9,               4,               4, No      ,                  0,                     0, No
 49,         35188,              3,                 7,                9,               2,               2, No      ,                  8,                     2, Yes
 55,         99628,              4,                21,               41,               2,               2, No      ,                  6,                     1, No
 22,         38998,              4,                 4,               41,               3,               2, No      ,                  3,                     0, No
 28,         79821,             10,                10,               28,               3,               3, Yes     ,                  2,                     4, No
 32,         18000,              0,                 0,                2,               1,               1, No      ,                  3,                     6, Yes
 33,         40415,             10,                10,               48,               3,               2, Yes     ,                  6,                     4, No
 60,        111321,             29,                30,               20,               1,               1, No      ,                  6,                     5, No
 52,         56189,              7,                 8,               47,               3,               1, No      ,                  1,                     4, Yes
 33,         43870,              4,                10,               44,               4,               2, No      ,                  4,                     0, No
 59,         61278,              2,                11,               43,               3,               3, Yes     ,                  8,                     2, Yes
 40,         59105,              4,                 6,               35,               4,               4, Yes     ,                  2,                     5, No
 41,         31452,              1,                 5,               34,               2,               1, No      ,                  6,                     0, Yes
 38,         76563,              6,                12,               27,               4,               1, No      ,                  1,                     0, No
 26,         50212,              5,                 8,                2,               4,               2, No      ,                  7,                     5, No
 58,         34098,              0,                 0,               20,               4,               3, No      ,                  1,                     0, No
 21,         43152,              3,                 3,               37,               3,               4, No      ,                  2,                     6, No
 27,         18000,              0,                 2,               41,               3,               3, Yes     ,                  4,                     5, Yes
 30,         69364,              3,                12,               28,               3,               3, No      ,                  3,                     4, Yes
 32,         78587,              7,                 9,               36,               4,               1, Yes     ,                  1,                     3, No
 26,         62681,              0,                 8,                2,               4,               1, No      ,                  5,                     0, No
 21,         18000,              2,                 3,               24,               2,               1, Yes     ,                  0,                     2, No
 48,        151401,             21,                28,               26,               1,               3, Yes     ,                  8,                     5, No
 59,         94877,             12,                22,               45,               1,               2, No      ,                  0,                     6, Yes
 25,         76825,              3,                 7,               16,               1,               1, No      ,                  3,                     3, No
 32,         99234,             12,                14,               12,               1,               3, Yes     ,                  8,                     5, Yes
 41,         98618,              6,                17,               18,               1,               4, Yes     ,                  1,                     5, No
 58,        167630,             24,                34,                9,               1,               2, No      ,                  0,                     0, No
 48,        144237,             14,                30,               28,               4,               4, Yes     ,                  6,                     4, No
 51,        122413,              0,                21,               33,               1,               3, Yes     ,                  0,                     4, No
 44,        116126,             13,                24,               41,               3,               3, No      ,                  8,                     3, No
 37,         64040,              0,                 9,               49,               2,               4, Yes     ,                  4,                     5, No
 28,         79695,             10,                10,                4,               1,               1, No      ,                  7,                     6, Yes
 55,        112687,             15,                24,               13,               3,               4, No      ,                  2,                     3, No
 53,        145309,             12,                32,               16,               4,               4, Yes     ,                  1,                     2, No
 22,         18000,              2,                 4,               13,               4,               4, Yes     ,                  8,                     6, No
 49,        120439,             17,                28,               42,               4,               3, Yes     ,                  6,                     6, No
 24,         18000,              1,                 6,                7,               3,               4, Yes     ,                  8,                     4, Yes
 50,         60337,              2,                 6,                2,               3,               4, Yes     ,                  2,                     4, No
 54,         79760,              2,                 6,               44,               1,               4, No      ,                  3,                     0, No
 26,         81256,              2,                 8,               49,               4,               4, No      ,                  5,                     2, Yes
 38,         38930,              9,                11,               12,               3,               4, No      ,                  4,                     1, No
 25,         47647,              0,                 3,               17,               2,               2, No      ,                  2,                     3, No
 43,        110598,             13,                15,               26,               2,               3, No      ,                  3,                     5, No
 58,        110377,              8,                23,               27,               3,               2, No      ,                  5,                     1, No
 24,         49026,              3,                 6,               50,               1,               4, Yes     ,                  0,                     6, Yes
 36,         61458,              2,                18,               21,               4,               4, Yes     ,                  3,                     0, No
 59,        144401,             11,                28,                1,               2,               4, Yes     ,                  2,                     0, No
 33,         65856,             12,                15,               22,               1,               3, Yes     ,                  0,                     6, No
 26,         59193,              2,                 8,               28,               2,               2, Yes     ,                  1,                     0, No
 40,         56898,              2,                15,               26,               4,               1, No      ,                  4,                     5, No
 41,         52771,              3,                 5,               26,               2,               3, No      ,                  0,                     5, No
 47,         44641,              0,                 1,               47,               3,               3, Yes     ,                  3,                     2, Yes
 33,         70903,              5,                15,               41,               4,               3, No      ,                  5,                     0, No
 59,        144335,             15,                34,               13,               1,               3, No      ,                  7,                     2, No
 41,         79792,             13,                23,               18,               4,               4, No      ,                  0,                     0, No
 32,         29805,              2,                 3,               34,               2,               1, No      ,                  3,                     4, No
 59,         53531,              7,                10,               21,               3,               2, Yes     ,                  0,                     6, No
 57,         18000,              1,                 1,               22,               1,               3, No      ,                  3,                     6, No
 40,         34354,              0,                 1,                9,               1,               4, No      ,                  4,                     5, No
 21,         26501,              1,                 3,               13,               4,               4, No      ,                  7,                     5, No
 44,         86637,              0,                20,               38,               4,               4, No      ,                  3,                     6, No
 43,         20418,              0,                 2,               43,               4,               4, No      ,                  8,                     5, No
 26,         74883,              1,                 8,               40,               3,               4, No      ,                  1,                     4, No
 46,        100053,             10,                16,               16,               2,               3, Yes     ,                  0,                     6, No
 54,         57460,              8,                 9,                7,               1,               1, No      ,                  0,                     2, No
 25,         62544,              6,                 7,                8,               2,               3, Yes     ,                  3,                     2, No
 49,        118704,             18,                28,               20,               3,               3, No      ,                  1,                     6, No
 26,         56183,              7,                 8,               26,               2,               1, No      ,                  0,                     2, Yes
 50,         28852,              0,                 1,               45,               2,               4, No      ,                  2,                     2, No
 37,         18000,              1,                 1,               45,               1,               3, No      ,                  8,                     1, No
 21,         42438,              3,                 3,                1,               2,               4, No      ,                  7,                     1, No
 59,         24752,              0,                 4,               36,               1,               1, Yes     ,                  0,                     4, Yes
 27,         68977,              4,                 9,               15,               1,               4, Yes     ,                  8,                     6, No
 44,         86533,             11,                13,               10,               1,               2, Yes     ,                  1,                     0, Yes
 28,         18000,              5,                10,               28,               3,               3, No      ,                  3,                     4, No
 58,         51826,              2,                 2,                2,               2,               3, No      ,                  2,                     5, No
 50,        101543,             30,                32,               17,               1,               3, Yes     ,                  3,                     6, No
 53,        115911,             12,                25,               28,               3,               4, No      ,                  6,                     5, No
 38,        107656,              1,                16,               14,               1,               1, Yes     ,                  6,                     1, No
 39,         45689,              2,                 7,               30,               1,               3, No      ,                  5,                     3, No
 46,        113209,              6,                28,               24,               1,               4, Yes     ,                  5,                     6, No
 52,         44313,              5,                10,               40,               2,               1, No      ,                  6,                     6, Yes
 54,        111884,             10,                17,               10,               4,               2, No      ,                  1,                     4, No
 21,         18000,              1,                 3,                3,               1,               2, No      ,                  3,                     6, No
 47,         75922,              1,                 8,               27,               2,               3, Yes     ,                  0,                     4, No
 25,         50408,              2,                 7,               13,               1,               4, No      ,                  6,                     0, No
 32,         21537,              4,                 5,               36,               2,               4, No      ,                  3,                     6, No
 54,         18000,              0,                 0,                5,               3,               4, No      ,                  5,                     1, No
 31,         45690,              0,                10,               29,               2,               2, No      ,                  5,                     2, No
 52,         54392,              1,                 4,               50,               3,               3, No      ,                  2,                     1, No
 39,         93984,             13,                14,                5,               4,               1, Yes     ,                  1,                     5, No
 30,         41455,              1,                12,               16,               4,               2, No      ,                  8,                     0, No
 34,         35735,              2,                 5,               43,               3,               1, Yes     ,                  2,                     4, No
 42,         18000,              0,                 0,               27,               3,               1, No      ,                  0,                     6, No
 51,         57883,              0,                 3,                9,               4,               4, Yes     ,                  2,                     5, No
 45,         73298,              1,                18,               11,               4,               4, Yes     ,                  8,                     2, Yes
 58,         88676,              4,                 9,               39,               2,               3, No      ,                  2,                     6, No
 55,         92801,              9,                17,               44,               1,               1, No      ,                  8,                     2, Yes
 51,         18000,              0,                 1,               19,               1,               1, No      ,                  4,                     4, No
 45,         56009,              0,                11,               24,               4,               1, No      ,                  7,                     3, No
 32,         66371,              2,                14,               40,               3,               3, Yes     ,                  5,                     0, Yes
 37,         62057,             10,                15,                9,               2,               1, Yes     ,                  0,                     0, No
 25,         53107,              6,                 7,               11,               2,               2, No      ,                  4,                     1, Yes
 35,         71298,              3,                17,               39,               2,               4, No      ,                  3,                     6, No
 58,         49953,              5,                16,               10,               4,               4, No      ,                  1,                     6, No
 38,         99166,              7,                20,               39,               3,               4, No      ,                  4,                     2, No
 25,         18949,              2,                 7,               25,               4,               2, No      ,                  0,                     6, No
 47,         46261,              2,                 9,               50,               2,               3, Yes     ,                  6,                     0, No
 59,         39236,              0,                 8,                2,               2,               1, No      ,                  7,                     6, No
 55,         52518,              6,                11,               48,               1,               4, No      ,                  0,                     1, No
 31,        112617,              5,                13,               12,               4,               1, No      ,                  4,                     0, No
 39,         56615,              3,                 8,                2,               3,               3, Yes     ,                  5,                     5, No
 42,        127217,              6,                24,               37,               3,               3, No      ,                  0,                     2, Yes
 30,         40425,             12,                12,               27,               2,               4, No      ,                  3,                     2, No
 31,         64829,              8,                13,               42,               2,               2, Yes     ,                  2,                     5, Yes
 30,         76275,              5,                12,                6,               4,               1, No      ,                  0,                     2, No
 60,         53958,              2,                12,                5,               2,               4, No      ,                  7,                     5, No
 50,         71945,              7,                 8,               29,               3,               3, No      ,                  4,                     1, No
 54,        109551,             23,                26,               45,               1,               2, No      ,                  6,                     0, Yes
 53,         63045,              0,                11,               21,               2,               2, No      ,                  5,                     2, Yes
 59,         45051,              8,                 8,               40,               4,               2, Yes     ,                  7,                     4, No
 25,         54358,              5,                 7,               46,               1,               2, Yes     ,                  8,                     1, Yes
 56,         81871,              1,                17,               44,               1,               2, Yes     ,                  5,                     1, Yes
 23,         21324,              1,                 1,               26,               4,               2, No      ,                  3,                     5, No
 40,         89150,              1,                17,               35,               2,               2, Yes     ,                  3,                     3, No
 44,         75981,              0,                16,               27,               2,               1, No      ,                  7,                     3, Yes
 35,        102132,              2,                17,               34,               3,               4, Yes     ,                  3,                     1, No
 26,         59891,              4,                 8,               29,               1,               1, Yes     ,                  4,                     0, No
 28,         45605,              4,                 6,               27,               1,               1, No      ,                  1,                     0, No
 53,         35252,              2,                 5,               22,               1,               1, No      ,                  8,                     4, Yes
 33,         99338,              1,                15,               33,               1,               4, No      ,                  5,                     0, No
 33,         21955,              0,                 1,               38,               1,               2, No      ,                  2,                     1, Yes
 57,         62679,             10,                11,               46,               3,               2, No      ,                  5,                     6, No
 26,         40684,              4,                 4,               31,               2,               2, No      ,                  3,                     2, No
 57,         52539,              0,                 0,                6,               1,               1, No      ,                  1,                     5, Yes
 57,        136474,             25,                33,               30,               1,               2, Yes     ,                  7,                     2, No
 44,         48457,              0,                 3,               16,               2,               1, No      ,                  7,                     6, Yes
 27,         18000,              0,                 0,                2,               4,               4, No      ,                  7,                     5, No
 27,         63711,              8,                 9,                4,               2,               1, Yes     ,                  3,                     3, No
 32,         75551,              4,                 6,               30,               1,               2, No      ,                  2,                     4, No
 44,        139996,             14,                26,               48,               1,               4, No      ,                  0,                     2, Yes
 27,         29271,              0,                 1,               26,               2,               4, No      ,                  6,                     6, No
 39,         32912,              5,                 5,               23,               1,               3, Yes     ,                  2,                     2, Yes
 25,         35159,              1,                 3,                5,               4,               1, No      ,                  8,                     5, No
 42,        118263,              1,                24,               34,               4,               2, No      ,                  7,                     4, No
 21,         20452,              0,                 3,                3,               2,               1, Yes     ,                  1,                     4, No
 49,         88182,              7,                17,               43,               4,               3, No      ,                  8,                     2, No
 23,         46571,              0,                 5,               41,               2,               2, Yes     ,                  1,                     5, No
 28,         20790,              1,                 3,               50,               1,               3, Yes     ,                  4,                     5, Yes
 27,         45287,              4,                 9,               15,               4,               3, No      ,                  4,                     5, No
 54,         31116,              8,                 8,                9,               4,               4, No      ,                  8,                     5, No
 23,         50033,              0,                 5,               15,               2,               2, No      ,                  5,                     1, No
 38,        115816,             12,                20,               40,               3,               4, Yes     ,                  7,                     6, No
 44,        135370,             24,                26,               11,               1,               2, No      ,                  5,                     5, Yes
 41,        110773,             14,                17,               45,               3,               3, Yes     ,                  7,                     1, No
 48,         23582,              0,                 0,                8,               3,               3, No      ,                  7,                     6, No
 53,         71056,             10,                10,                3,               3,               4, Yes     ,                  7,                     3, No
 36,        103069,              3,                18,               11,               3,               2, Yes     ,                  3,                     2, No
 54,        100152,             16,                19,               38,               3,               4, No      ,                  3,                     1, No
 33,         75445,             15,                15,               31,               3,               2, Yes     ,                  8,                     2, No
 60,        129055,              5,                16,               18,               4,               2, No      ,                  6,                     0, No
 41,         34865,              2,                 5,               33,               1,               2, Yes     ,                  8,                     4, Yes
 50,        144414,             17,                32,               33,               2,               3, No      ,                  5,                     4, No
 56,        143212,             13,                27,               28,               2,               3, No      ,                  8,                     4, No
 52,        169333,             10,                34,               26,               3,               1, No      ,                  6,                     3, No
 55,        122714,             30,                30,                6,               1,               4, Yes     ,                  6,                     2, No
 42,         84208,             10,                10,               13,               2,               4, No      ,                  1,                     5, No
 22,         37104,              1,                 4,               27,               4,               1, No      ,                  5,                     6, No
 40,         35603,              7,                 8,                7,               1,               4, Yes     ,                  6,                     0, No
 28,         85398,              4,                10,               24,               3,               3, Yes     ,                  6,                     2, Yes
 56,        117262,             16,                20,                6,               3,               1, No      ,                  8,                     6, No
 30,         49638,              7,                12,               40,               2,               2, Yes     ,                  2,                     6, Yes
 30,        104389,              6,                12,                6,               1,               4, No      ,                  2,                     6, No
 30,         84258,              1,                12,                5,               1,               2, No      ,                  8,                     1, No
 46,        139416,             18,                28,               32,               2,               4, Yes     ,                  8,                     3, No
 43,        155624,              8,                25,               12,               1,               2, No      ,                  1,                     0, No
 58,         33267,              0,                 2,               18,               1,               1, No      ,                  3,                     6, No
 37,         76095,              2,                13,               16,               1,               2, Yes     ,                  8,                     3, No
 32,         68915,             14,                14,               11,               1,               3, No      ,                  1,                     1, No
 22,         49273,              0,                 4,               39,               4,               3, Yes     ,                  7,                     0, No
 21,         43179,              3,                 3,               35,               3,               4, No      ,                  1,                     5, No
 35,         68464,             10,                11,               12,               1,               1, No      ,                  1,                     5, No
 58,         87580,              0,                19,               35,               3,               4, Yes     ,                  7,                     6, No
 41,        120939,             14,                23,               36,               1,               3, No      ,                  5,                     6, No
 56,         37544,              2,                 4,               27,               2,               1, Yes     ,                  4,                     5, No
 25,         27397,              2,                 7,               29,               1,               4, No      ,                  7,                     5, No
 24,         20707,              4,                 6,               47,               1,               2, Yes     ,                  2,                     5, No
 54,         61573,              3,                 7,               23,               1,               3, No      ,                  4,                     6, No
 25,         18000,              3,                 7,               20,               2,               3, No      ,                  5,                     3, No
 23,         46697,              2,                 5,               27,               2,               1, No      ,                  6,                     5, No
 37,         93195,             16,                19,               42,               2,               1, No      ,                  2,                     5, Yes
 57,         91748,              7,                11,               36,               3,               3, No      ,                  5,                     0, No
 48,        134918,             11,                29,                4,               3,               2, No      ,                  4,                     4, No
 24,         42271,              2,                 2,               23,               3,               1, No      ,                  4,                     2, Yes
 54,        145056,             25,                31,               37,               3,               1, No      ,                  7,                     0, No
 54,         28247,              1,                 1,               12,               3,               4, No      ,                  3,                     1, No
 53,        144463,             19,                26,               50,               2,               1, No      ,                  6,                     0, No
 57,         64074,              5,                12,               41,               1,               1, Yes     ,                  8,                     6, Yes
 30,         90338,             10,                12,               43,               2,               3, No      ,                  6,                     5, No
 60,         18000,              0,                 0,                5,               1,               1, No      ,                  8,                     0, No
 33,         90303,              5,                15,               29,               4,               3, Yes     ,                  5,                     4, No
 53,         59608,              1,                 5,               27,               2,               3, Yes     ,                  2,                     4, No
 44,        130481,             10,                23,               32,               4,               3, No      ,                  8,                     3, No
 52,        165696,             26,                26,               43,               4,               2, No      ,                  5,                     4, No
 46,        125858,             16,                28,               18,               2,               4, Yes     ,                  2,                     6, No
 46,        102175,              9,                25,               27,               4,               3, No      ,                  2,                     3, No
 45,         46102,              5,                10,               34,               2,               2, No      ,                  2,                     4, No
 52,        143088,              7,                26,               38,               1,               1, No      ,                  7,                     3, Yes
 50,        152763,             19,                29,               39,               1,               2, No      ,                  0,                     2, Yes
 26,         57441,              3,                 8,               17,               1,               1, No      ,                  6,                     6, Yes
 54,         18587,              2,                 4,               50,               4,               1, No      ,                  4,                     2, Yes
 42,        136604,              9,                24,                1,               2,               2, No      ,                  0,                     5, No
 33,         20955,              1,                 5,               25,               2,               1, No      ,                  5,                     4, Yes
 41,        131061,             21,                21,               31,               2,               1, No      ,                  6,                     4, No
 59,        107034,              3,                 8,                4,               2,               2, Yes     ,                  6,                     5, Yes
 55,         45396,              0,                 4,               23,               4,               3, Yes     ,                  4,                     5, Yes
 54,        145896,             10,                27,               30,               4,               1, No      ,                  3,                     3, Yes
 39,         34129,              3,                 5,               31,               1,               2, No      ,                  1,                     4, No
 52,         90216,              2,                24,                6,               3,               1, Yes     ,                  0,                     3, No
 36,         86751,              5,                18,               14,               2,               1, No      ,                  3,                     2, No
 48,         18000,              0,                 2,               13,               1,               1, No      ,                  5,                     5, Yes
 46,         21154,              3,                 6,               32,               4,               2, No      ,                  0,                     6, No
 30,        103402,              9,                12,               17,               1,               3, Yes     ,                  8,                     4, Yes
 31,         81512,             13,                13,               29,               1,               4, Yes     ,                  5,                     5, No
 23,         45634,              1,                 4,               37,               1,               3, No      ,                  2,                     5, No
 26,         50038,              7,                 8,               40,               2,               3, No      ,                  8,                     2, Yes
 38,         56688,              2,                 9,               10,               3,               4, No      ,                  1,                     0, No
 40,         39362,              0,                 0,               46,               2,               2, Yes     ,                  8,                     2, No
 27,         59218,              7,                 9,                9,               1,               4, No      ,                  2,                     5, No
 37,         31552,              0,                 0,                2,               1,               4, No      ,                  3,                     5, Yes
 45,         98272,             11,                19,                3,               4,               3, No      ,                  3,                     3, No
 30,         66241,              9,                12,               11,               4,               4, Yes     ,                  8,                     5, Yes
 34,         63876,             12,                16,               44,               4,               1, No      ,                  2,                     0, No
 35,         57801,              9,                17,               11,               3,               4, No      ,                  8,                     4, No
 41,         71892,              3,                13,               35,               3,               3, No      ,                  3,                     4, No
 35,         39817,              2,                 4,               21,               4,               1, Yes     ,                  2,                     3, Yes
 50,         82850,             17,                20,                2,               3,               1, Yes     ,                  5,                     5, No
 34,         88579,             16,                16,               23,               2,               3, Yes     ,                  6,                     3, No
 38,         35568,              3,                 3,                2,               2,               2, No      ,                  3,                     3, Yes
 36,         58792,              3,                18,               24,               2,               2, No      ,                  1,                     4, No
 28,         47528,              6,                10,               28,               1,               2, Yes     ,                  3,                     5, Yes
 48,        109131,              2,                19,               27,               1,               4, No      ,                  4,                     1, No
 30,         49967,              4,                 5,               15,               3,               2, Yes     ,                  0,                     2, No
 32,         60034,             14,                14,               39,               4,               1, No      ,                  0,                     2, No
 52,         50052,              0,                 6,               30,               1,               2, No      ,                  8,                     1, No
 58,         78203,              6,                 9,               13,               1,               1, Yes     ,                  0,                     2, No
 47,        140987,             24,                25,               22,               1,               3, Yes     ,                  3,                     2, No
 57,         24485,              1,                 1,                6,               4,               4, Yes     ,                  6,                     2, Yes
 55,         80776,              6,                16,               47,               2,               4, Yes     ,                  2,                     2, No
 40,         98872,              2,                21,               38,               2,               3, No      ,                  4,                     3, No
 51,         47221,              4,                 4,               15,               1,               4, Yes     ,                  0,                     4, No
 34,         67512,             10,                10,               34,               4,               2, Yes     ,                  7,                     2, No
 39,         83729,              7,                12,               34,               2,               3, No      ,                  5,                     5, Yes
 42,        120974,             23,                23,               31,               4,               1, No      ,                  7,                     3, No
 59,        183738,              0,                35,                3,               3,               3, Yes     ,                  7,                     5, Yes
 54,        149703,             19,                30,               44,               1,               3, Yes     ,                  3,                     0, No
 40,         61324,              0,                 6,               48,               4,               1, No      ,                  0,                     1, No
 47,         37675,              0,                 0,               49,               3,               3, No      ,                  3,                     3, No
 29,         18000,              1,                 1,               50,               3,               3, No      ,                  1,                     2, No
 53,         77653,             14,                21,               47,               1,               2, Yes     ,                  4,                     3, No
 43,         70783,              5,                 5,               37,               4,               3, Yes     ,                  1,                     1, No
 42,         60220,              5,                 8,                3,               4,               2, No      ,                  8,                     3, No
 51,        117139,              2,                30,               24,               2,               2, No      ,                  5,                     4, No
 46,        126751,              0,                28,               13,               1,               1, No      ,                  2,                     5, No
 23,         56894,              2,                 5,               11,               4,               2, Yes     ,                  8,                     1, No
 32,         54766,              7,                 9,               42,               4,               4, No      ,                  6,                     2, No
 28,         54783,              1,                10,               41,               3,               4, Yes     ,                  3,                     3, No
 50,        135416,             18,                21,               27,               3,               3, No      ,                  1,                     3, No
 22,         19949,              1,                 4,               37,               1,               3, No      ,                  3,                     5, No
 29,         53833,              5,                11,                7,               1,               3, No      ,                  5,                     2, Yes
 44,        101405,              3,                18,               12,               4,               2, Yes     ,                  6,                     4, No
 48,         87828,              6,                14,               44,               2,               2, No      ,                  2,                     6, No
 41,        127534,             10,                23,               23,               2,               3, No      ,                  6,                     2, No
 55,        139202,              0,                24,               28,               3,               4, No      ,                  2,                     5, No
 57,        105374,             11,                19,               24,               1,               2, No      ,                  2,                     2, No
 26,         64409,              7,                 8,               11,               1,               3, No      ,                  4,                     2, No
 59,        130734,             26,                27,               42,               1,               2, Yes     ,                  1,                     4, No
 45,        107129,              6,                20,               38,               2,               2, Yes     ,                  3,                     4, Yes
 46,         61736,              8,                 9,               35,               2,               2, Yes     ,                  3,                     3, Yes
 24,         51072,              6,                 6,               18,               1,               1, Yes     ,                  2,                     1, Yes
 45,        140906,             25,                25,               33,               2,               2, Yes     ,                  6,                     0, No
 50,        166393,             12,                32,               48,               2,               3, No      ,                  2,                     6, No
 44,         43796,              5,                 5,               33,               3,               3, Yes     ,                  6,                     6, Yes
 24,         32636,              3,                 6,               25,               3,               4, Yes     ,                  6,                     6, No
 41,        119818,              1,                23,               14,               4,               1, Yes     ,                  5,                     3, No
 58,         97096,              5,                18,               27,               4,               4, Yes     ,                  2,                     6, Yes
 49,        155677,             21,                31,               19,               2,               4, No      ,                  7,                     3, No
 26,         61717,              0,                 0,               31,               4,               2, No      ,                  2,                     0, No
 59,         18000,              0,                 1,                3,               3,               2, Yes     ,                  2,                     1, No
 59,        147201,             12,                28,               10,               1,               2, No      ,                  7,                     1, No
 27,         79032,              7,                 9,               40,               2,               3, No      ,                  3,                     2, No
 53,         99364,              2,                18,               20,               3,               4, No      ,                  6,                     6, No
 37,        127081,              7,                15,               22,               4,               3, No      ,                  0,                     2, No
 44,         73995,              3,                14,               28,               2,               3, Yes     ,                  5,                     4, No
 38,        111834,             11,                20,               22,               1,               3, No      ,                  7,                     1, No
 52,         20221,              0,                 3,               38,               1,               1, No      ,                  6,                     4, Yes
 60,        129073,             27,                27,               13,               1,               3, No      ,                  5,                     3, No
 52,        160881,              2,                32,               38,               3,               1, No      ,                  7,                     1, No
 58,        133833,             23,                23,               11,               3,               4, Yes     ,                  2,                     3, No
 58,         86544,             11,                14,               19,               2,               4, No      ,                  3,                     0, No
 24,         65664,              5,                 5,               30,               3,               3, No      ,                  0,                     6, No
 31,         74891,             11,                13,               45,               4,               2, No      ,                  6,                     4, No
 49,         83221,              3,                16,               12,               4,               3, No      ,                  6,                     6, No
 44,         91672,              5,                 5,               30,               1,               3, No      ,                  6,                     6, No
 23,         50096,              3,                 5,                4,               3,               3, No      ,                  6,                     1, No
 24,         34249,              6,                 6,                4,               4,               3, No      ,                  1,                     4, No
 41,         47303,              8,                 9,               39,               4,               1, No      ,                  5,                     0, No
 45,         30232,              4,                 6,               36,               2,               1, No      ,                  6,                     6, Yes
 27,         76658,              3,                 9,               19,               2,               2, No      ,                  1,                     5, No
 27,         44841,              0,                 7,               32,               4,               3, No      ,                  4,                     4, No
 26,         57893,              0,                 8,               20,               1,               2, No      ,                  8,                     6, Yes
 43,        125857,             10,                25,               14,               3,               3, Yes     ,                  3,                     5, No
 21,         47767,              3,                 3,               22,               1,               2, Yes     ,                  6,                     6, Yes
 43,        111759,             13,                25,               16,               4,               4, Yes     ,                  4,                     0, No
 40,         36240,              4,                 8,               41,               1,               2, No      ,                  5,                     0, No
 39,         55437,              1,                 7,               21,               1,               4, Yes     ,                  5,                     6, No
 48,         83217,              7,                12,               17,               2,               2, No      ,                  5,                     1, No
 41,         95186,             10,                16,               27,               1,               2, No      ,                  7,                     2, Yes
 50,        137630,             31,                31,               38,               2,               3, Yes     ,                  8,                     0, No
 51,        143395,             19,                26,               14,               2,               2, No      ,                  2,                     4, No
 57,        105211,             14,                23,               47,               2,               1, No      ,                  8,                     5, No
 52,        142812,             29,                31,               24,               3,               2, No      ,                  5,                     5, No
 41,        101609,             10,                23,               34,               3,               4, Yes     ,                  5,                     4, No
 40,        100021,             13,                13,               48,               4,               1, No      ,                  2,                     4, No
 30,         83802,              4,                12,               22,               2,               2, No      ,                  3,                     3, No
 44,        108490,              2,                18,               10,               3,               3, No      ,                  5,                     3, No
 26,         57050,              1,                 3,               38,               3,               3, Yes     ,                  3,                     3, No
 58,        181828,              3,                26,                1,               1,               2, No      ,                  2,                     6, No
 54,         87834,              2,                23,               23,               3,               1, No      ,                  7,                     1, No
 25,         38109,              7,                 7,               49,               4,               1, Yes     ,                  3,                     3, Yes
 52,         90709,             15,                19,               21,               2,               2, No      ,                  5,                     4, No
 25,         36085,              1,                 7,               35,               1,               4, Yes     ,                  0,                     3, Yes
 49,        132804,             26,                31,               27,               2,               1, No      ,                  0,                     0, No
 24,         41806,              0,                 6,               11,               2,               4, No      ,                  7,                     2, Yes
 40,         63101,              4,                15,               16,               3,               3, Yes     ,                  1,                     4, No
 47,         40631,              2,                 3,               27,               4,               1, No      ,                  7,                     4, No
 50,        140531,              8,                28,                6,               3,               2, No      ,                  8,                     5, No
 37,        110459,             14,                19,               21,               1,               1, Yes     ,                  4,                     6, No
 57,        136139,             22,                25,               21,               2,               4, No      ,                  7,                     4, No
 51,        163054,              2,                31,               42,               3,               3, No      ,                  3,                     4, No
 29,         61479,              0,                11,                7,               2,               2, Yes     ,                  8,                     2, No
 47,        177781,             27,                28,               43,               3,               2, No      ,                  2,                     2, No
 50,        101820,              9,                18,               21,               3,               3, No      ,                  3,                     5, No
 34,         18000,              2,                 3,               33,               2,               1, No      ,                  3,                     3, Yes
 50,         18000,              0,                 0,               28,               3,               2, Yes     ,                  7,                     5, No
 56,         20071,              3,                 7,               15,               2,               1, Yes     ,                  0,                     0, No
 53,         85312,              6,                15,               47,               1,               3, No      ,                  7,                     0, No
 51,        129008,             18,                26,               12,               2,               3, Yes     ,                  0,                     1, No
 46,         80768,              9,                16,                2,               2,               2, Yes     ,                  2,                     1, No
 31,         58197,              0,                 0,               38,               1,               1, No      ,                  5,                     4, Yes
 52,         61282,              1,                 7,               32,               4,               2, Yes     ,                  1,                     4, Yes
 35,        106470,             11,                17,               45,               3,               4, Yes     ,                  4,                     3, Yes
 42,        106041,             16,                24,               23,               1,               1, Yes     ,                  8,                     2, Yes
 33,         58615,              1,                13,                1,               4,               1, No      ,                  7,                     4, No
 33,         85662,              6,                15,                2,               4,               1, No      ,                  0,                     0, No
 27,         62914,              7,                 9,               22,               1,               4, No      ,                  5,                     3, No
 59,        127186,             21,                33,               13,               1,               1, Yes     ,                  5,                     1, No
 26,         52354,              1,                 8,               47,               2,               3, Yes     ,                  0,                     0, Yes
 24,         47453,              0,                 6,                6,               3,               4, No      ,                  5,                     1, No
 58,         76927,              8,                14,               45,               3,               3, No      ,                  4,                     0, No
 43,         99759,             10,                22,               11,               2,               2, No      ,                  6,                     3, No
 38,         58488,             11,                11,                6,               3,               1, No      ,                  2,                     3, No
 50,         69217,              6,                12,               14,               1,               1, No      ,                  2,                     4, Yes
 36,         99234,             17,                18,                8,               3,               1, No      ,                  6,                     3, No
 26,         66486,              1,                 8,               21,               4,               4, No      ,                  6,                     1, No
 50,        125455,              9,                20,               17,               3,               1, Yes     ,                  1,                     0, No
 28,         58702,              1,                10,               27,               2,               1, No      ,                  1,                     4, Yes
 43,         72589,              8,                14,               27,               2,               4, No      ,                  5,                     6, Yes
 58,         29878,              0,                 0,                1,               4,               2, No      ,                  7,                     1, No
 58,        121195,              4,                21,                7,               1,               2, No      ,                  1,                     1, No
 35,         85584,              8,                17,                9,               2,               3, No      ,                  1,                     2, No
 52,        174827,             11,                33,               10,               1,               3, No      ,                  7,                     1, No
 45,        115233,              3,                18,                5,               4,               4, Yes     ,                  6,                     1, No
 40,        112450,              1,                16,               16,               2,               2, No      ,                  8,                     3, No
 26,         62410,              1,                 2,               28,               4,               3, No      ,                  7,                     5, No
 36,         35805,              7,                 7,               16,               3,               4, Yes     ,                  8,                     4, No
 47,         72650,              2,                12,               17,               3,               2, No      ,                  1,                     6, No
 60,         76803,              5,                13,               24,               3,               2, No      ,                  2,                     2, No
 21,         32835,              0,                 3,               28,               1,               4, No      ,                  2,                     3, No
 49,         69113,             12,                14,               17,               3,               1, Yes     ,                  0,                     2, No
 54,        108660,             11,                27,               12,               3,               1, No      ,                  7,                     0, No
 59,         40468,              4,                 4,               21,               4,               3, Yes     ,                  5,                     2, No
 37,         54370,              2,                11,                2,               3,               4, Yes     ,                  0,                     1, No
 25,         44548,              0,                 5,               25,               4,               1, No      ,                  1,                     3, No
 31,         53907,              6,                11,               48,               4,               4, Yes     ,                  1,                     1, No
 55,        103006,             16,                24,               20,               3,               4, Yes     ,                  3,                     5, No
 56,         30417,              1,                 1,                6,               2,               4, No      ,                  4,                     5, No
 46,         75117,             11,                12,               36,               1,               2, Yes     ,                  2,                     6, Yes
 25,         32427,              0,                 0,                7,               2,               2, No      ,                  8,                     0, No
 25,         90746,              7,                 7,               10,               4,               3, No      ,                  1,                     0, No
 40,        119391,             14,                22,                8,               1,               1, No      ,                  5,                     6, Yes
 44,         64331,              3,                 8,               45,               2,               4, No      ,                  3,                     5, No
 22,         19404,              2,                 4,               50,               3,               3, No      ,                  3,                     4, No
 48,         18000,              0,                 3,               29,               1,               2, Yes     ,                  7,                     2, Yes
 42,        121891,              7,                17,               31,               4,               3, No      ,                  8,                     3, No
 21,         18000,              1,                 3,               33,               3,               3, Yes     ,                  0,                     3, No
 24,         28409,              0,                 6,               31,               1,               3, No      ,                  4,                     5, No
 39,        109496,              4,                21,               28,               1,               4, No      ,                  1,                     3, No
 49,         70777,              6,                12,               50,               3,               4, Yes     ,                  3,                     0, No
 54,         47755,              4,                10,               37,               4,               4, Yes     ,                  5,                     4, No
 38,         87910,             17,                17,                5,               4,               3, No      ,                  3,                     5, No
 32,         73529,              3,                 7,               20,               4,               3, Yes     ,                  2,                     2, No
 59,        154492,             34,                35,               49,               1,               2, Yes     ,                  2,                     0, No
 39,         22114,              4,                 6,               21,               3,               1, Yes     ,                  2,                     0, No
 33,        101967,              0,                15,               11,               1,               2, No      ,                  2,                     5, No
 38,        106461,              3,                18,               44,               1,               4, No      ,                  3,                     3, No
 21,         19231,              2,                 2,               32,               3,               1, No      ,                  6,                     3, Yes
 33,         56521,              8,                15,               29,               2,               3, No      ,                  0,                     6, No
 41,         75797,              5,                16,               22,               3,               1, Yes     ,                  0,                     0, No
 57,         58815,              5,                 9,                7,               4,               2, Yes     ,                  4,                     1, No
 50,         59782,              4,                 4,               20,               1,               1, No      ,                  6,                     5, No
 52,         18000,              0,                 1,               22,               3,               3, No      ,                  2,                     3, No
 42,         20479,              0,                 0,               47,               4,               4, No      ,                  1,                     0, No
 25,         63553,              0,                 7,               16,               2,               4, No      ,                  5,                     4, No
 36,         18000,              1,                 3,                8,               3,               3, No      ,                  3,                     0, No
 60,        183408,             32,                34,               22,               2,               1, No      ,                  6,                     5, No
 22,         18000,              3,                 4,               50,               4,               3, No      ,                  1,                     5, No
 56,        124576,             20,                23,               25,               1,               1, No      ,                  1,                     5, No
 48,        127240,             22,                24,               19,               4,               2, No      ,                  4,                     3, No
 32,        100323,              1,                14,               34,               4,               3, No      ,                  3,                     1, No
 52,        162117,              9,                31,               33,               4,               3, No      ,                  6,                     6, No
 54,         18000,              0,                 3,               15,               2,               1, No      ,                  4,                     3, No
 22,         24674,              0,                 4,               49,               3,               4, Yes     ,                  3,                     4, Yes
 25,         53888,              6,                 7,               30,               2,               2, Yes     ,                  1,                     0, No
 47,         35290,              4,                 4,                3,               2,               4, No      ,                  1,                     4, No
 60,         72597,              1,                10,               21,               4,               3, No      ,                  6,                     4, No
 21,         48809,              2,                 3,               47,               3,               3, No      ,                  2,                     2, No
 47,        146352,             14,                27,               20,               3,               3, No      ,                  4,                     5, No
 26,         51743,              0,                 8,               29,               1,               4, Yes     ,                  7,                     0, No
 47,        110566,             27,                29,               31,               4,               1, No      ,                  8,                     5, No
 45,        127201,             24,                27,               36,               3,               3, No      ,                  2,                     6, No
 24,         54695,              3,                 6,               44,               4,               1, No      ,                  0,                     3, No
 48,         18000,              2,                 3,                8,               1,               2, No      ,                  6,                     0, No
 56,        180363,             14,                35,               26,               3,               4, Yes     ,                  6,                     3, Yes
 55,        130751,             18,                22,               27,               3,               4, No      ,                  2,                     3, No
 22,         41084,              2,                 4,                8,               3,               2, No      ,                  5,                     3, No
 30,         18000,             12,                12,               34,               1,               2, No      ,                  1,                     1, No
 30,         49394,              0,                12,                6,               2,               3, No      ,                  6,                     4, No
 39,        144151,              3,                21,               23,               2,               2, Yes     ,                  6,                     1, No
 26,         20562,              2,                 2,               17,               3,               1, No      ,                  2,                     3, No
 55,         45085,              4,                14,                8,               1,               2, No      ,                  4,                     4, No
 52,         61034,              1,                 4,               42,               2,               2, No      ,                  3,                     4, No
 53,        160840,             26,                33,               13,               3,               3, No      ,                  0,                     5, No
 28,         83889,              2,                10,               13,               1,               4, Yes     ,                  1,                     6, Yes
 21,         39585,              2,                 3,               43,               4,               3, Yes     ,                  8,                     5, No
 57,        110054,              5,                19,               44,               3,               2, Yes     ,                  4,                     5, No
 32,         87334,              2,                14,                2,               1,               3, Yes     ,                  1,                     6, No
 47,         47155,              3,                 3,               14,               1,               4, No      ,                  0,                     1, No
 57,        184794,              5,                29,               36,               4,               2, No      ,                  3,                     2, No
 22,         56278,              0,                 4,               39,               2,               2, Yes     ,                  8,                     3, No
 21,         18000,              2,                 3,               50,               4,               1, No      ,                  3,                     3, No
 21,         42640,              3,                 3,               28,               2,               4, No      ,                  8,                     4, No
 27,         80347,              1,                 9,                1,               2,               4, Yes     ,                  4,                     0, Yes
 23,         64649,              4,                 5,               44,               2,               1, Yes     ,                  6,                     0, Yes
 53,         89921,             10,                18,                9,               3,               2, No      ,                  7,                     5, No
 45,         63969,              4,                 5,                7,               1,               2, Yes     ,                  0,                     5, Yes
 60,         47099,              0,                 2,               34,               2,               4, No      ,                  0,                     2, No
 53,        106105,              9,                 9,               31,               2,               1, Yes     ,                  8,                     2, No
 59,         75700,             10,                16,                3,               1,               1, No      ,                  8,                     3, No
 30,         33867,              5,                 5,                9,               2,               2, No      ,                  1,                     3, No
 32,         29090,              1,                 3,               30,               3,               3, Yes     ,                  5,                     1, No
 54,        139176,             29,                30,               13,               3,               1, Yes     ,                  8,                     3, No
 30,         56380,              8,                12,               35,               1,               3, No      ,                  8,                     5, No
 23,         18000,              0,                 5,               21,               4,               3, No      ,                  2,                     5, No
 47,         89775,             17,                18,               30,               4,               4, No      ,                  7,                     5, No
 53,        137848,             21,                26,               24,               3,               1, Yes     ,                  5,                     4, No
 59,        122322,              8,                26,               19,               4,               1, Yes     ,                  8,                     6, Yes
 58,         98837,              6,                10,               18,               2,               1, No      ,                  1,                     1, No
 25,         51641,              3,                 7,               35,               4,               4, No      ,                  5,                     0, No
 51,         99839,              7,                13,               26,               3,               3, Yes     ,                  0,                     0, Yes
 54,        152706,             29,                30,               30,               3,               3, No      ,                  3,                     6, No
 48,         95675,             13,                14,               29,               1,               4, No      ,                  0,                     4, No
 53,         39626,              0,                 3,               11,               3,               3, Yes     ,                  3,                     1, No
 54,        160038,             27,                27,               46,               4,               1, Yes     ,                  7,                     5, No
 38,         27207,              0,                 1,               29,               4,               3, Yes     ,                  5,                     2, Yes
 22,         47730,              3,                 4,               36,               2,               3, No      ,                  2,                     4, No
 39,         32794,              1,                 1,               45,               1,               1, No      ,                  3,                     1, No
 29,         46211,              3,                 7,               47,               3,               3, No      ,                  3,                     0, No
 25,         58690,              3,                 7,               34,               1,               2, Yes     ,                  6,                     1, Yes
 25,         91619,              3,                 7,               40,               1,               1, No      ,                  2,                     1, Yes
 48,         75933,             12,                14,               24,               3,               2, No      ,                  0,                     3, No
 41,         46350,              1,                 4,               37,               4,               2, No      ,                  4,                     0, No
 42,         78240,              2,                 8,               17,               2,               2, No      ,                  7,                     1, No
 50,        176925,             11,                32,               36,               2,               2, Yes     ,                  4,                     3, Yes
 42,        123011,              4,                24,                5,               2,               3, No      ,                  1,                     2, No
 46,         18000,              1,                 3,               46,               2,               2, No      ,                  0,                     4, No
 24,         56501,              0,                 6,               13,               1,               2, No      ,                  8,                     4, Yes
 55,         19849,              0,                 9,               33,               3,               4, Yes     ,                  6,                     6, Yes
 38,         73659,              5,                 6,                1,               3,               1, No      ,                  1,                     5, No
 27,         62851,              0,                 9,                8,               2,               2, No      ,                  0,                     1, No
 53,        132394,             13,                22,               50,               2,               1, No      ,                  1,                     4, No
 50,         30962,              5,                 6,               42,               4,               4, No      ,                  3,                     4, No
 23,         18000,              4,                 5,               12,               1,               1, No      ,                  7,                     4, No
 28,         68694,              4,                10,                7,               1,               4, Yes     ,                  1,                     5, No
 21,         29795,              0,                 2,               41,               1,               1, No      ,                  7,                     1, Yes
 31,         67752,             13,                13,               50,               4,               2, No      ,                  0,                     2, No
 24,         48724,              5,                 6,                9,               2,               3, No      ,                  6,                     5, No
 49,        105414,              5,                 8,               34,               1,               4, Yes     ,                  2,                     6, No
 41,        133621,              2,                23,               15,               4,               1, Yes     ,                  8,                     0, No
 60,        145891,              0,                25,               38,               1,               1, No      ,                  4,                     3, Yes
 50,         53991,              1,                 4,               21,               2,               4, Yes     ,                  2,                     1, Yes
 45,        162030,              4,                27,                7,               1,               2, No      ,                  2,                     1, No
 41,        102579,             18,                20,               17,               3,               1, No      ,                  7,                     0, No
 23,         18000,              1,                 5,               27,               3,               3, Yes     ,                  3,                     3, No
 23,         39605,              1,                 5,               40,               4,               1, No      ,                  3,                     4, Yes
 45,         87011,             12,                12,                2,               2,               4, No      ,                  6,                     3, No
 21,         18000,              3,                 3,               48,               2,               4, No      ,                  4,                     2, No
 22,         35625,              1,                 4,               33,               4,               4, No      ,                  5,                     5, No
 29,         55748,              4,                11,               44,               4,               2, Yes     ,                  4,                     4, No
 56,         82637,              4,                 8,               47,               1,               1, Yes     ,                  0,                     6, Yes
 39,         81690,              7,                11,                8,               3,               2, No      ,                  0,                     2, No
 49,         67328,              8,                 8,                5,               4,               2, No      ,                  0,                     1, No
 37,         75189,              9,                10,               39,               3,               4, No      ,                  5,                     3, No
 27,         42330,              5,                 5,               10,               3,               3, No      ,                  4,                     3, No
 35,         29756,              0,                 1,                8,               1,               4, Yes     ,                  6,                     3, No
 24,         25867,              1,                 6,               24,               1,               4, No      ,                  8,                     5, No
 51,         18000,              1,                 2,               46,               1,               3, Yes     ,                  1,                     0, Yes
 28,         66701,              0,                10,               40,               1,               1, Yes     ,                  8,                     3, Yes
 36,         27832,              0,                 0,               26,               4,               1, No      ,                  8,                     3, No
 60,        157167,              9,                27,               10,               3,               1, No      ,                  5,                     1, No
 44,         96484,              1,                11,               17,               4,               3, No      ,                  4,                     4, No
 39,        125860,             17,                18,               35,               2,               1, No      ,                  1,                     5, No
 42,         46036,              0,                10,                8,               4,               4, No      ,                  1,                     3, No
 52,         87059,              2,                17,               27,               1,               1, No      ,                  0,                     0, No
 31,         85246,              2,                13,                1,               4,               4, No      ,                  5,                     0, No
 46,        147374,              2,                19,               17,               1,               3, No      ,                  3,                     2, No
 55,        107442,              8,                14,               13,               1,               1, No      ,                  1,                     4, No
 43,        121949,              7,                19,               35,               1,               1, No      ,                  1,                     2, No
 38,         99020,             19,                20,               46,               4,               2, Yes     ,                  0,                     2, No
 26,         39702,              2,                 8,                8,               2,               2, Yes     ,                  5,                     6, Yes
 30,         86600,              6,                12,               40,               2,               2, No      ,                  6,                     0, No
 58,         18988,              3,                 4,               33,               2,               3, No      ,                  5,                     0, No
 42,         68108,              8,                12,               49,               4,               1, No      ,                  0,                     1, No
 33,         36734,              3,                 4,               46,               2,               1, Yes     ,                  0,                     6, Yes
 37,         75872,              1,                 6,                6,               1,               3, No      ,                  0,                     3, No
 44,        124815,             13,                26,               38,               2,               4, No      ,                  6,                     1, No
 42,         18000,              3,                 3,               30,               2,               2, Yes     ,                  6,                     2, No
 48,        102480,             15,                17,                6,               3,               4, No      ,                  2,                     6, No
 31,         64018,              8,                13,               13,               4,               2, No      ,                  0,                     4, No
 46,        140367,             18,                28,               47,               1,               2, No      ,                  2,                     1, No
 38,         41439,              5,                 5,               28,               4,               1, Yes     ,                  7,                     1, No
 58,         38073,              3,                 5,               17,               1,               2, No      ,                  1,                     0, No
 27,         74026,              9,                 9,               17,               3,               2, Yes     ,                  7,                     5, No
 26,         28008,              1,                 8,               42,               2,               3, No      ,                  4,                     0, No
 39,        100894,              7,                21,               15,               2,               1, No      ,                  1,                     2, No
 41,         63713,              0,                 7,                8,               2,               1, No      ,                  8,                     2, Yes
 48,         31946,              0,                 5,               29,               2,               2, Yes     ,                  4,                     4, Yes
 37,         30841,              4,                 9,               50,               4,               1, No      ,                  6,                     4, No
 57,        164234,              7,                31,               10,               4,               1, Yes     ,                  0,                     5, No
 39,         46416,              0,                 1,               13,               4,               3, No      ,                  3,                     2, No
 26,         54790,              3,                 8,               24,               2,               4, No      ,                  5,                     2, No
 25,         18000,              3,                 4,               10,               3,               3, No      ,                  5,                     2, No
 59,         55707,              5,                 5,               33,               2,               1, No      ,                  0,                     0, No
 26,         25722,              7,                 8,               13,               4,               4, No      ,                  5,                     5, No
 58,         27558,              0,                 0,                7,               3,               3, No      ,                  8,                     3, No
 32,         52226,              4,                11,               14,               2,               3, No      ,                  7,                     3, No
 24,         26323,              2,                 6,               47,               2,               1, No      ,                  1,                     6, No
 33,         77046,             12,                15,               47,               2,               3, Yes     ,                  8,                     1, No
 45,         27101,              0,                 2,               26,               3,               1, No      ,                  6,                     6, No
 38,         77604,              9,                16,               21,               3,               3, Yes     ,                  0,                     4, Yes
 52,        175397,             14,                34,               41,               2,               1, No      ,                  1,                     1, No
 45,         72771,              2,                14,               10,               4,               4, Yes     ,                  8,                     4, No
 37,        119443,             12,                19,               33,               4,               1, Yes     ,                  1,                     5, No
 46,        106861,              6,                19,               35,               2,               3, No      ,                  0,                     2, No
 59,        106044,              4,                23,               36,               4,               1, Yes     ,                  4,                     2, No
 37,         31613,              4,                 6,               11,               1,               3, No      ,                  4,                     5, No
 27,         30145,              1,                 9,               36,               4,               2, No      ,                  5,                     1, No
 37,        107033,             13,                19,               31,               2,               4, Yes     ,                  5,                     0, No
 54,         36617,              0,                 5,               44,               3,               3, Yes     ,                  8,                     4, Yes
 29,         25500,              5,                11,                9,               2,               2, No      ,                  6,                     6, No
 58,        134157,             24,                29,               31,               2,               1, Yes     ,                  0,                     3, No
 44,        114981,              6,                26,               42,               2,               3, Yes     ,                  0,                     0, Yes
 45,        104962,             10,                13,               14,               3,               2, Yes     ,                  0,                     3, No
 33,         54350,             11,                15,               38,               1,               1, No      ,                  3,                     1, No
 57,        122056,             27,                30,                5,               4,               3, Yes     ,                  3,                     5, No
 22,         58779,              0,                 4,               36,               4,               1, Yes     ,                  8,                     4, No
 32,        105222,             10,                14,               31,               3,               1, No      ,                  3,                     2, No
 37,         88390,             18,                19,               10,               3,               1, No      ,                  0,                     4, No
 40,        103022,             17,                22,                4,               3,               2, Yes     ,                  7,                     4, No
 39,         83492,              2,                12,               38,               1,               1, Yes     ,                  2,                     4, Yes
 26,         18000,              7,                 8,               13,               3,               1, No      ,                  8,                     2, No
 30,         18000,              0,                 1,               25,               1,               2, No      ,                  6,                     3, No
 24,         42147,              4,                 6,                4,               3,               1, No      ,                  7,                     0, Yes
 43,        100298,              6,                12,               49,               2,               1, No      ,                  7,                     2, No
 35,         22557,              1,                 2,               28,               3,               2, Yes     ,                  1,                     2, Yes
 43,        128817,             13,                25,               47,               4,               1, No      ,                  5,                     3, No
 44,        139008,              0,                23,                9,               1,               4, No      ,                  3,                     6, No
 49,        152324,             11,                22,               11,               3,               2, No      ,                  5,                     6, No
 42,         18000,              1,                 1,               31,               2,               4, Yes     ,                  6,                     3, No
 46,        135097,             12,                27,               31,               2,               4, Yes     ,                  4,                     4, No
 44,        147197,              6,                22,               40,               3,               4, Yes     ,                  2,                     0, No
 47,        112200,             28,                28,               47,               4,               3, Yes     ,                  8,                     3, No
 45,        153896,              2,                27,               42,               1,               2, No      ,                  5,                     4, No
 33,         33070,              3,                 7,                8,               4,               3, No      ,                  7,                     4, No
 30,         53245,              4,                 7,               16,               4,               1, Yes     ,                  2,                     6, Yes
 52,        156233,             16,                33,               46,               3,               4, No      ,                  7,                     3, Yes
 34,         71956,             15,                16,               28,               3,               2, Yes     ,                  2,                     6, Yes
 42,         67304,              6,                15,               44,               2,               1, Yes     ,                  4,                     6, Yes
 28,         68975,             10,                10,               29,               1,               1, No      ,                  7,                     4, Yes
 38,        123920,              1,                20,                3,               3,               1, No      ,                  3,                     0, No
 42,        120465,             18,                24,               24,               4,               1, No      ,                  2,                     2, No
 46,         23262,              0,                 0,               42,               1,               3, No      ,                  8,                     5, No
 42,        112081,             11,                19,               33,               3,               1, Yes     ,                  8,                     4, No
 35,         75911,              4,                17,                7,               3,               4, Yes     ,                  2,                     6, No
 59,         77314,              2,                10,               11,               4,               2, No      ,                  2,                     5, No
 41,         78748,              7,                10,               43,               2,               3, No      ,                  2,                     0, No
